filename,before_sig_MOS_DISC,before_sig_MOS_LOUD,before_sig_MOS_NOISE,before_sig_MOS_REVERB,before_sig_MOS_SIG,before_sig_MOS_OVRL,after_sig_MOS_DISC,after_sig_MOS_LOUD,after_sig_MOS_NOISE,after_sig_MOS_REVERB,after_sig_MOS_SIG,after_sig_MOS_OVRL,para_sig_MOS_DISC,para_sig_MOS_LOUD,para_sig_MOS_NOISE,para_sig_MOS_REVERB,para_sig_MOS_SIG,para_sig_MOS_OVRL
4_chetvero_nischih_s000013_seg_0.wav,395,400,470,474,397,361,388,293,364,346,260,236,19.0,1.0,1.0,0.27456196613456796,0,0
30_p228_365_mic2.wav,438,375,407,450,392,342,333,143,339,425,164,135,-24.0,-20.0,10.0,0.3670489379616235,0,0
20_p227_178_mic2.wav,422,393,380,470,354,329,248,120,122,335,137,121,73.0,-27.0,6.0,0.0,0,0
4_p227_082_mic2.wav,405,372,381,421,347,310,441,221,328,154,221,196,10.0,28.0,9.0,0.38452968168973056,0,0
8_p227_181_mic1.wav,466,413,404,459,381,350,423,173,386,396,260,173,14.0,-1.0,4.0,0.5755967639936407,0,0
8_p228_363_mic2.wav,458,348,356,466,378,340,349,236,358,332,232,195,7.0,-37.0,32.0,0.5291783140521231,0,0
29_p227_010_mic2.wav,416,349,342,438,373,337,232,101,114,458,216,124,195.0,18.0,2.0,0.0,0,0
14_p227_061_mic1.wav,449,459,466,470,424,386,287,102,129,469,218,125,140.0,-7.0,4.0,0.0,0,0
2_p228_288_mic2.wav,415,372,365,451,356,319,359,267,365,363,238,196,75.0,21.0,10.0,0.3153550012414361,0,0
32_p228_330_mic2.wav,419,398,351,476,396,349,360,186,389,400,282,193,16.0,-123.0,7.0,0.0,0,0
22_galatea_01_barrili_f000006.wav,390,429,391,383,350,304,271,241,299,309,214,191,17.0,20.0,77.0,0.6215933440468467,0,0
32_chetvero_nischih_s000013_seg_0.wav,395,400,470,474,397,361,303,134,254,389,164,132,0.0,9.0,0.0,0.0,0,0
29_p228_283_mic2.wav,468,413,397,479,385,338,380,159,385,358,278,190,4.0,-2.0,-267.0,0.0,0,0
33_p227_083_mic1.wav,410,388,431,441,334,327,338,195,266,302,231,207,2.0,-19.0,-57.0,0.34708188060590417,0,0
1_p227_061_mic2.wav,420,413,408,469,433,382,358,213,316,372,213,168,13.0,24.0,1.0,0.3813616903019207,0,0
16_p227_169_mic1.wav,436,355,437,417,355,325,339,288,329,352,213,168,5.0,67.0,1.0,0.5443694864293053,0,0
5_imalavoglia_00_verga_f000005.wav,416,377,366,425,335,298,340,264,389,302,239,186,9.0,8.0,2.0,0.012303772399026136,0,0
5_p227_071_mic1.wav,416,387,439,452,361,325,298,244,282,347,192,171,19.0,29.0,7.0,0.7274845241392732,0,0
28_p227_151_mic2.wav,424,360,342,479,342,349,373,186,389,337,232,157,4.0,14.0,9.0,0.0,0,0
3_keraban_le_tetu_1_05_f000019_seg_0.wav,371,352,357,422,292,255,442,268,370,374,255,193,10.0,3.0,4.0,0.5145017397350793,0,0
26_p227_054_mic1.wav,391,358,423,405,338,309,338,223,321,326,215,177,9.0,-6.0,5.0,0.0,0,0
36_p227_022_mic1.wav,395,428,458,468,409,379,296,127,272,371,180,152,2.0,-1.0,9.0,0.90779069329687,0,0
38_p227_001_mic1.wav,419,325,396,438,359,320,243,101,106,443,210,120,198.0,-15.0,126.0,0.5572599061115405,0,0
32_p227_001_mic1.wav,419,325,396,438,359,320,226,101,106,456,226,123,221.5,-15.0,126.0,0.0,0,0
33_p227_096_mic1.wav,387,376,432,428,343,305,207,101,107,449,210,119,10.0,-32.0,10.0,0.8117739381076986,0,0
25_p227_072_mic1.wav,413,400,410,462,356,328,327,189,370,384,220,168,7.0,5.0,5.0,0.6320041256695612,0,0
19_p227_151_mic2.wav,424,360,342,479,342,349,371,264,357,332,239,185,-48.0,-14.0,10.0,1.0,0,0
30_chetvero_nischih_s000013_seg_0.wav,395,400,470,474,397,361,360,186,389,400,282,193,17.0,10.0,4.0,0.7997310715817695,0,0
0_p227_089_mic2.wav,424,366,362,455,308,281,462,162,298,388,187,139,17.0,-13.0,3.0,0.016497990501467275,0,0
9_chetvero_nischih_s000013_seg_0.wav,395,400,470,474,397,361,325,184,314,340,187,161,8.0,30.0,-36.0,0.2893945466727156,0,0
4_p228_210_mic1.wav,466,371,392,475,408,345,425,150,358,335,200,148,1.0,29.0,5.0,0.913551323910388,0,0
37_p228_316_mic1.wav,432,375,407,452,393,330,343,184,367,382,262,178,3.0,18.0,2.0,0.0,0,0
35_p228_289_mic2.wav,469,391,391,469,377,358,394,113,203,378,169,134,4.0,-6.0,3.0,0.0,0,0
29_p228_206_mic1.wav,433,305,387,481,405,355,284,160,325,450,188,139,121.0,-29.0,37.0,0.3313094149660051,0,0
12_p227_151_mic2.wav,424,360,342,479,342,349,386,144,419,406,223,131,13.0,-20.0,8.0,0.9247790797864349,0,0
19_p228_209_mic2.wav,435,413,370,438,406,340,388,140,370,380,238,148,23.0,-10.0,2.0,0.0,0,0
28_p227_145_mic1.wav,408,391,414,467,386,355,287,103,233,365,123,117,105.0,15.0,147.0,0.8654885614098653,0,0
18_p227_074_mic1.wav,476,433,411,469,389,358,439,186,411,404,286,202,7.0,2.0,10.0,0.0,0,0
1_p228_278_mic1.wav,438,342,389,461,383,334,329,236,365,330,207,165,13.0,8.0,5.0,0.1591809399154257,0,0
26_imalavoglia_00_verga_f000005.wav,416,377,366,425,335,298,228,101,110,459,218,121,18.0,-264.0,273.0,0.43084010292398667,0,0
30_p227_083_mic1.wav,410,388,431,441,334,327,201,101,108,451,221,125,17.0,-11.0,241.0,0.0,0,0
22_p227_010_mic2.wav,416,349,342,438,373,337,402,159,239,322,222,153,17.0,26.0,9.0,0.1929425736763104,0,0
37_p227_156_mic2.wav,381,395,381,439,320,307,414,238,426,235,230,166,2.0,-4.0,4.0,0.0,0,0
14_p227_054_mic1.wav,391,358,423,405,338,309,416,193,373,414,238,168,16.0,-2.0,-131.0,0.06649089436056277,0,0
28_p227_032_mic1.wav,371,368,438,471,372,343,396,197,350,405,256,175,1.0,-50.0,5.0,0.0,0,0
13_p228_364_mic2.wav,425,326,368,406,331,303,238,101,108,464,231,124,83.0,-21.0,5.0,0.361575599148917,0,0
14_p228_288_mic2.wav,415,372,365,451,356,319,210,101,105,463,228,123,220.0,-103.0,7.0,0.6546508284257273,0,0
24_p228_338_mic2.wav,403,368,413,446,371,332,403,180,388,411,288,187,95.0,-26.0,-155.0,0.1412219644402425,0,0
31_p227_096_mic1.wav,387,376,432,428,343,305,461,164,390,385,285,188,-71.0,-98.0,10.0,0.0,0,0
10_p227_030_mic1.wav,438,441,434,471,404,358,286,148,312,385,200,169,1.0,-28.0,0.0,0.7120069660775479,0,0
2_p228_210_mic1.wav,466,371,392,475,408,345,363,228,395,377,273,202,8.0,-11.0,4.0,0.604880275094653,0,0
20_p227_107_mic1.wav,448,408,462,416,392,360,303,174,363,356,178,160,17.0,16.0,1.0,0.8333487239885988,0,0
14_p227_032_mic1.wav,371,368,438,471,372,343,323,163,357,381,231,171,5.0,15.0,0.0,0.7946446616538683,0,0
0_p227_169_mic2.wav,407,331,334,461,301,296,404,182,387,251,192,150,11.0,-8.0,4.0,0.6839039310205897,0,0
4_chetvero_nischih_s000004_seg_0.wav,457,336,443,480,421,387,364,171,381,399,244,171,3.0,-60.0,5.0,0.09468659563281745,0,0
5_p228_194_mic2.wav,423,399,377,470,418,350,367,150,405,392,250,153,9.0,-14.0,0.0,0.5809183402586705,0,0
18_p228_369_mic2.wav,401,311,344,474,344,343,327,236,345,359,218,190,171.0,16.0,65.0,0.5283019100227524,0,0
39_p227_090_mic1.wav,414,451,410,449,357,318,215,101,105,453,209,116,1.0,-29.0,6.0,0.0,0,0
9_p228_365_mic2.wav,438,375,407,450,392,342,328,198,327,297,185,151,3.0,-10.0,8.0,0.4471956216890174,0,0
9_p227_123_mic1.wav,410,373,424,451,391,354,415,194,384,343,262,190,17.0,-6.0,0.0,0.8113118530581096,0,0
30_p227_113_mic2.wav,363,432,405,465,373,347,300,173,313,350,163,137,12.0,-19.0,4.0,0.0,0,0
36_p228_285_mic1.wav,456,336,390,473,406,358,399,141,159,439,209,137,79.0,12.0,8.0,0.011516634065257603,0,0
33_p227_089_mic2.wav,424,366,362,455,308,281,352,263,373,367,240,187,84.0,76.0,4.0,0.0,0,0
18_p228_342_mic1.wav,435,382,432,443,383,317,339,287,374,342,250,188,12.0,8.0,10.0,0.41991890561687195,0,0
6_p227_118_mic2.wav,365,398,376,444,351,303,443,205,384,398,287,208,7.0,5.0,7.0,0.7166308027987459,0,0
7_p227_107_mic1.wav,448,408,462,416,392,360,453,180,352,367,239,173,20.0,17.0,9.0,0.5282430356514992,0,0
1_p227_169_mic1.wav,436,355,437,417,355,325,271,191,270,398,211,159,19.0,6.0,7.0,0.311562330154867,0,0
14_p227_126_mic2.wav,464,301,364,479,316,272,210,101,105,463,228,123,178.0,-1.0,0.0,0.2579706199981945,0,0
32_p228_263_mic1.wav,415,344,413,473,383,338,327,118,395,397,192,124,2.0,-192.0,-45.0,0.08246450366533897,0,0
30_p227_165_mic1.wav,448,423,452,447,379,334,352,174,329,368,223,161,43.0,-6.0,19.0,0.5101702031278154,0,0
2_p228_260_mic1.wav,458,369,437,488,447,377,453,186,401,387,269,181,11.0,10.0,9.0,0.08752134921490384,0,0
19_p228_330_mic2.wav,419,398,351,476,396,349,386,180,380,400,229,159,7.0,-28.0,10.0,0.6243872153289919,0,0
15_p227_165_mic1.wav,448,423,452,447,379,334,329,239,362,331,239,193,12.0,-19.0,-88.0,0.9152936267712157,0,0
4_p227_088_mic1.wav,464,396,441,485,440,414,454,181,409,356,209,151,15.0,-14.0,8.0,0.8075056871709699,0,0
9_p228_345_mic1.wav,479,368,420,485,397,356,333,222,369,326,196,160,82.0,-33.0,1.0,0.46841738659723997,0,0
8_p227_103_mic2.wav,436,399,392,452,332,309,319,242,355,346,210,169,15.0,-7.0,7.0,0.45559704115414823,0,0
34_p227_061_mic1.wav,449,459,466,470,424,386,370,231,360,328,243,190,1.0,14.0,5.0,0.9577049773852944,0,0
0_p228_260_mic1.wav,458,369,437,488,447,377,312,241,345,332,208,182,12.0,8.0,5.0,0.41981699207969125,0,0
27_p227_158_mic1.wav,388,351,376,445,319,301,437,193,372,308,244,180,10.0,14.0,0.0,1.0,0,0
37_oblomov_s000011_seg_0.wav,419,430,449,477,413,371,347,195,423,403,293,196,17.0,-17.0,3.0,0.8125748589331927,0,0
15_p228_339_mic2.wav,461,363,379,485,401,352,388,281,359,321,224,191,18.0,14.0,5.0,0.647676814728127,0,0
17_p228_269_mic1.wav,461,394,383,428,387,355,346,181,372,386,262,180,15.0,-11.0,5.0,0.22693265013182018,0,0
8_p227_168_mic1.wav,393,377,421,415,365,312,369,163,396,360,225,159,14.0,-1.0,10.0,0.2277885391115384,0,0
28_p228_330_mic2.wav,419,398,351,476,396,349,349,171,384,396,261,176,0.0,-6.0,5.0,0.6806123765593841,0,0
34_p227_062_mic2.wav,433,402,462,482,343,331,365,225,353,319,201,157,5.0,16.0,3.0,0.0,0,0
30_p227_050_mic1.wav,460,410,300,461,377,314,359,169,451,254,205,152,7.0,-26.0,3.0,1.0,0,0
35_p227_151_mic2.wav,424,360,342,479,342,349,314,140,316,402,182,151,6.0,-12.0,7.0,0.0,0,0
27_p228_271_mic2.wav,411,423,355,433,343,320,323,132,300,360,209,154,79.0,2.0,1.0,0.01553184021552756,0,0
6_galatea_01_barrili_f000008.wav,375,433,384,347,344,289,426,222,335,337,225,177,1.0,-53.0,2.0,0.260898605410932,0,0
9_p228_209_mic1.wav,447,354,379,467,390,330,449,243,347,348,263,208,1.0,7.0,9.0,0.30947240827901734,0,0
38_p227_156_mic2.wav,381,395,381,439,320,307,295,205,297,338,193,157,15.0,6.0,55.0,0.051459528935612564,0,0
21_galatea_01_barrili_f000013.wav,385,464,404,418,310,267,206,101,106,455,207,117,2.0,-10.0,4.0,0.23484238580311578,0,0
5_p227_001_mic1.wav,419,325,396,438,359,320,293,211,312,342,183,156,17.0,-24.0,9.0,0.9962690887340929,0,0
29_p227_071_mic1.wav,416,387,439,452,361,325,346,185,371,387,262,181,35.0,-25.0,-30.0,0.0,0,0
12_p228_338_mic2.wav,403,368,413,446,371,332,338,300,357,340,236,198,4.0,77.0,10.0,0.6654634467384368,0,0
35_p227_022_mic1.wav,395,428,458,468,409,379,292,138,282,402,181,145,18.0,-111.0,150.0,0.46310864405893837,0,0
30_keraban_le_tetu_1_05_f000019_seg_0.wav,371,352,357,422,292,255,251,101,117,458,221,123,14.0,9.0,2.0,0.9496223800855809,0,0
32_p228_275_mic1.wav,412,368,382,431,377,338,367,177,363,396,248,191,6.0,-97.0,4.0,0.0,0,0
22_p227_107_mic1.wav,448,408,462,416,392,360,269,224,310,349,222,186,71.0,16.0,8.0,0.4587042345482383,0,0
22_p227_165_mic1.wav,448,423,452,447,379,334,353,174,386,398,273,183,7.0,-6.0,6.0,0.1892428101354553,0,0
18_p227_156_mic2.wav,381,395,381,439,320,307,210,101,105,463,228,123,1.0,26.0,5.0,0.9935183053342076,0,0
37_p227_030_mic1.wav,438,441,434,471,404,358,385,158,402,385,225,154,3.0,-1.0,0.0,0.0,0,0
39_p228_209_mic1.wav,447,354,379,467,390,330,407,121,287,389,174,151,-95.0,-89.0,-31.0,0.0,0,0
20_p227_032_mic1.wav,371,368,438,471,372,343,341,248,299,389,219,157,9.0,-63.0,102.0,0.9624438490880391,0,0
7_p227_061_mic1.wav,449,459,466,470,424,386,471,270,376,216,200,168,10.0,-19.0,9.0,0.18685416096719365,0,0
2_p228_220_mic2.wav,391,347,416,463,379,340,411,183,389,392,262,169,18.0,-12.0,3.0,0.4427353884018538,0,0
30_p227_118_mic2.wav,365,398,376,444,351,303,254,106,206,414,201,126,3.0,-192.0,164.0,0.0,0,0
17_p227_118_mic2.wav,365,398,376,444,351,303,347,195,423,403,293,196,0.0,-45.0,-44.0,0.0,0,0
17_galatea_01_barrili_f000008.wav,375,433,384,347,344,289,418,185,360,396,225,157,6.0,-2.0,7.0,0.07084320504728314,0,0
17_p228_348_mic2.wav,447,383,344,480,345,313,304,128,288,385,200,152,9.0,22.0,9.0,0.10280610778573873,0,0
2_keraban_le_tetu_1_05_f000019_seg_0.wav,371,352,357,422,292,255,458,281,403,378,269,217,19.0,24.0,1.0,0.9805965127956147,0,0
12_p227_072_mic1.wav,413,400,410,462,356,328,306,174,300,376,153,131,18.0,-7.0,6.0,0.6964323525425494,0,0
23_p227_042_mic1.wav,380,415,395,404,364,342,209,101,105,462,228,123,3.0,-14.0,196.0,0.9884607169364437,0,0
35_p227_082_mic2.wav,405,372,381,421,347,310,237,101,115,463,229,125,185.0,-103.0,276.0,0.7909354691650278,0,0
24_p228_336_mic2.wav,415,395,326,428,339,324,278,160,271,350,150,135,70.0,-29.0,1.0,0.1256964687649298,0,0
29_p228_309_mic2.wav,383,384,385,436,380,322,434,291,114,479,334,172,5.0,231.0,0.0,0.07676114179193705,0,0
15_p227_073_mic2.wav,421,257,364,485,303,312,431,169,389,412,253,171,1.0,-29.0,4.0,0.0,0,0
26_p227_118_mic2.wav,365,398,376,444,351,303,385,173,334,412,209,144,19.0,-44.0,-18.0,0.0,0,0
6_p228_363_mic2.wav,458,348,356,466,378,340,356,286,369,326,255,201,20.0,-3.0,10.0,0.0,0,0
24_p227_057_mic1.wav,458,372,409,441,342,313,405,172,366,392,239,151,19.0,0.0,8.0,0.3136542095697604,0,0
22_p228_336_mic2.wav,415,395,326,428,339,324,354,195,363,390,263,178,-22.0,-4.0,4.0,0.7841556010082119,0,0
18_p228_339_mic2.wav,461,363,379,485,401,352,210,101,105,463,228,123,9.0,-7.0,306.0,0.5452616611656993,0,0
12_p228_220_mic2.wav,391,347,416,463,379,340,387,231,335,320,203,168,12.0,-11.0,0.0,1.0,0,0
6_p227_138_mic2.wav,433,401,388,488,359,346,347,176,369,389,237,163,17.0,-5.0,5.0,0.205652238754935,0,0
27_p227_025_mic2.wav,421,313,386,491,349,344,348,251,363,314,224,168,11.0,-28.0,-13.0,1.0,0,0
5_oblomov_s000011_seg_0.wav,419,430,449,477,413,371,284,261,318,374,231,175,15.0,-26.0,9.0,0.7786614920878309,0,0
4_p227_061_mic1.wav,449,459,466,470,424,386,348,263,325,355,217,173,1.0,-2.0,61.0,0.32912231419414106,0,0
29_p227_094_mic1.wav,416,400,429,426,383,357,353,191,363,388,262,177,0.0,-5.0,7.0,0.27262755957813445,0,0
37_galatea_01_barrili_f000013.wav,385,464,404,418,310,267,345,204,351,352,210,166,17.0,17.0,-50.0,0.0,0,0
13_p227_071_mic1.wav,416,387,439,452,361,325,429,185,356,352,221,171,26.0,-25.0,10.0,0.9374649398089461,0,0
20_p228_228_mic2.wav,457,354,327,443,316,285,467,110,187,352,180,137,-80.0,-10.0,2.0,0.8695966802552044,0,0
22_chetvero_nischih_s000013_seg_0.wav,395,400,470,474,397,361,414,212,413,384,253,190,38.0,-14.0,3.0,0.08694408913982432,0,0
37_p228_334_mic1.wav,358,398,425,444,373,339,412,171,341,370,239,171,20.0,-6.0,5.0,0.0,0,0
26_p228_285_mic1.wav,456,336,390,473,406,358,340,270,387,295,258,194,14.0,164.0,29.0,0.0,0,0
8_p227_080_mic1.wav,379,369,372,403,332,300,451,300,375,315,209,178,12.0,-13.0,10.0,0.6351692907503741,0,0
3_p227_113_mic2.wav,363,432,405,465,373,347,325,252,354,351,239,187,14.0,-28.0,6.0,0.08651005134934053,0,0
10_oblomov_s000011_seg_0.wav,419,430,449,477,413,371,334,293,355,346,235,206,33.0,9.0,-72.0,0.6353157437550535,0,0
37_p227_061_mic1.wav,449,459,466,470,424,386,301,198,301,365,214,162,92.0,26.0,72.0,0.0,0,0
16_p227_086_mic2.wav,421,355,443,487,313,339,210,101,105,463,228,123,12.0,-16.0,2.0,0.406845656257638,0,0
8_p228_228_mic2.wav,457,354,327,443,316,285,457,199,396,378,248,181,1.0,-14.0,3.0,0.0,0,0
18_p228_228_mic2.wav,457,354,327,443,316,285,355,171,236,337,157,134,7.0,-14.0,167.0,0.0,0,0
10_p227_057_mic1.wav,458,372,409,441,342,313,452,204,298,379,223,180,1.0,-27.0,82.0,0.31681841099699337,0,0
14_p227_090_mic1.wav,414,451,410,449,357,318,398,244,340,292,219,177,-28.0,14.0,9.0,0.7797036546744434,0,0
28_galatea_01_barrili_f000013.wav,385,464,404,418,310,267,385,126,389,414,241,146,17.0,-24.0,10.0,0.9676511534869531,0,0
5_p227_099_mic1.wav,395,398,423,461,371,348,375,161,353,336,183,140,14.0,-7.0,9.0,0.7277717506600581,0,0
23_p228_339_mic2.wav,461,363,379,485,401,352,320,187,331,354,230,189,9.0,-7.0,10.0,0.0,0,0
37_p227_083_mic1.wav,410,388,431,441,334,327,429,212,233,379,186,163,4.0,2.0,9.0,0.31681841099699337,0,0
33_p228_345_mic1.wav,479,368,420,485,397,356,210,101,105,463,228,123,20.0,-181.0,5.0,0.5452616611656993,0,0
29_keraban_le_tetu_1_07_f000046_seg_0.wav,302,322,376,439,273,228,342,267,373,330,207,162,12.0,-17.0,-60.0,0.6367043063707308,0,0
35_p227_057_mic1.wav,458,372,409,441,342,313,309,150,323,309,180,140,22.0,51.0,3.0,0.0,0,0
19_p227_054_mic1.wav,391,358,423,405,338,309,300,136,247,427,203,145,8.0,-12.0,4.0,0.2561965865815915,0,0
14_p227_158_mic1.wav,388,351,376,445,319,301,205,101,105,457,212,120,8.0,-15.0,9.0,0.5281550294886316,0,0
8_p227_083_mic1.wav,410,388,431,441,334,327,298,232,352,377,210,170,11.0,-5.0,2.0,0.21105439514683733,0,0
24_p228_278_mic1.wav,438,342,389,461,383,334,375,209,284,264,219,172,3.0,-23.0,-76.0,1.0,0,0
5_p227_057_mic1.wav,458,372,409,441,342,313,333,242,362,354,251,201,8.0,5.0,0.0,0.7196740741404989,0,0
16_p227_061_mic2.wav,420,413,408,469,433,382,425,192,372,388,217,150,14.0,4.0,9.0,0.5292610406268106,0,0
10_p228_285_mic1.wav,456,336,390,473,406,358,310,169,259,345,195,154,122.0,9.0,5.0,0.7181841927992973,0,0
2_p228_269_mic1.wav,461,394,383,428,387,355,374,208,330,327,216,165,10.0,3.0,8.0,0.04082188750716709,0,0
30_p227_082_mic2.wav,405,372,381,421,347,310,446,258,379,309,238,183,-135.0,3.0,2.0,0.5430415612431466,0,0
35_p228_233_mic2.wav,361,350,378,400,309,280,353,174,386,398,273,183,16.0,-31.0,0.0,0.27235089254425904,0,0
13_p227_156_mic2.wav,381,395,381,439,320,307,330,145,347,357,160,132,14.0,-6.0,9.0,0.46799968240645395,0,0
22_p228_316_mic1.wav,432,375,407,452,393,330,347,157,393,395,273,173,14.0,-22.0,3.0,0.0,0,0
37_p228_271_mic2.wav,411,423,355,433,343,320,360,186,389,400,282,193,-4.0,28.0,-92.0,0.6231786017592869,0,0
8_p227_146_mic2.wav,407,439,402,463,363,334,340,277,358,338,245,191,7.0,3.0,8.0,0.6298206113442483,0,0
31_p227_079_mic1.wav,453,430,420,491,376,338,353,174,386,398,273,183,90.0,-10.0,-14.0,0.6265035147819089,0,0
12_p227_169_mic1.wav,436,355,437,417,355,325,452,178,367,321,224,156,-76.0,0.0,6.0,0.801743584851827,0,0
25_p227_090_mic1.wav,414,451,410,449,357,318,417,210,353,410,261,178,-47.0,-17.0,72.0,0.3584636508065955,0,0
28_p228_194_mic2.wav,423,399,377,470,418,350,371,155,425,441,262,163,0.0,27.0,1.0,0.973319274537523,0,0
29_p227_096_mic1.wav,387,376,432,428,343,305,378,167,344,408,255,174,29.0,-10.0,8.0,0.2378335312915102,0,0
39_p227_069_mic1.wav,417,407,453,478,411,359,340,141,284,375,206,159,-12.0,-87.0,168.0,0.0,0,0
25_p228_244_mic2.wav,413,414,389,457,392,351,310,132,288,367,173,139,19.0,13.0,0.0,0.0,0,0
9_p228_228_mic2.wav,457,354,327,443,316,285,207,101,105,462,227,122,6.0,-127.0,3.0,0.8837640146968062,0,0
30_chetvero_nischih_s000004_seg_0.wav,457,336,443,480,421,387,335,169,308,326,217,173,16.0,-130.0,2.0,0.5540487386991126,0,0
17_p227_177_mic2.wav,420,412,445,489,328,312,450,230,310,406,247,189,-132.0,-2.0,9.0,0.495299864956398,0,0
20_p227_048_mic2.wav,404,336,443,476,328,297,424,263,399,353,241,191,8.0,4.0,0.0,0.0,0,0
38_p227_145_mic1.wav,408,391,414,467,386,355,349,129,128,467,305,147,-12.0,-13.0,7.0,0.45994049096070333,0,0
37_p227_010_mic2.wav,416,349,342,438,373,337,334,164,296,369,202,164,58.0,-119.0,-45.0,0.0,0,0
36_p227_107_mic1.wav,448,408,462,416,392,360,205,100,107,448,207,117,9.0,-25.0,8.0,0.894420394066085,0,0
16_p227_022_mic1.wav,395,428,458,468,409,379,468,131,222,433,236,173,10.0,-12.0,6.0,0.2142953870743397,0,0
21_p227_103_mic2.wav,436,399,392,452,332,309,441,211,346,396,261,190,4.0,-17.0,-61.0,0.0,0,0
2_p228_338_mic2.wav,403,368,413,446,371,332,468,211,385,356,265,206,1.0,6.0,9.0,0.022587191877879165,0,0
5_p227_096_mic1.wav,387,376,432,428,343,305,283,163,234,413,166,130,10.0,15.0,6.0,0.8631533502211212,0,0
31_p228_342_mic1.wav,435,382,432,443,383,317,436,108,159,394,229,135,-60.0,-5.0,2.0,0.0,0,0
12_p227_042_mic1.wav,380,415,395,404,364,342,368,139,392,404,271,163,9.0,14.0,3.0,0.8629722863530458,0,0
10_p228_339_mic2.wav,461,363,379,485,401,352,372,157,392,397,256,172,9.0,-46.0,38.0,0.4402065207510423,0,0
27_p228_300_mic1.wav,449,297,398,469,398,356,336,280,103,462,243,136,-20.0,-19.0,3.0,0.4082699615522979,0,0
29_p228_271_mic2.wav,411,423,355,433,343,320,354,109,119,410,272,142,11.0,-1.0,10.0,0.0,0,0
34_p227_113_mic2.wav,363,432,405,465,373,347,447,213,324,306,198,157,17.0,-6.0,-70.0,1.0,0,0
38_p227_165_mic1.wav,448,423,452,447,379,334,362,178,388,401,280,188,93.0,16.0,7.0,0.5007914698766243,0,0
35_p227_169_mic2.wav,407,331,334,461,301,296,363,202,415,410,272,201,17.0,-19.0,1.0,0.0,0,0
17_p227_069_mic1.wav,417,407,453,478,411,359,448,220,314,311,186,152,16.0,16.0,7.0,0.4431065217264033,0,0
15_p227_169_mic2.wav,407,331,334,461,301,296,313,138,341,364,156,132,12.0,-22.0,6.0,0.0,0,0
36_oblomov_s000011_seg_0.wav,419,430,449,477,413,371,322,224,358,357,225,183,31.0,0.0,2.0,0.9454160418131439,0,0
23_p228_289_mic2.wav,469,391,391,469,377,358,318,184,101,486,340,130,20.0,-15.0,4.0,0.26689709903210257,0,0
25_p227_168_mic1.wav,393,377,421,415,365,312,355,196,348,424,270,190,11.0,22.0,60.0,0.1866729943198644,0,0
15_p227_094_mic1.wav,416,400,429,426,383,357,427,175,337,395,211,155,14.0,-22.0,1.0,0.8258878383955927,0,0
28_p227_088_mic1.wav,464,396,441,485,440,414,309,179,311,399,206,177,1.0,-74.0,3.0,0.9201238356553245,0,0
38_p228_206_mic1.wav,433,305,387,481,405,355,374,167,410,356,231,163,-29.0,13.0,-170.0,0.9950409780588656,0,0
11_p228_269_mic1.wav,461,394,383,428,387,355,357,255,362,345,228,176,94.0,-21.0,8.0,0.40515806093447637,0,0
36_p228_336_mic2.wav,415,395,326,428,339,324,398,252,387,328,272,217,25.0,-7.0,9.0,0.7727627404684775,0,0
18_p227_082_mic2.wav,405,372,381,421,347,310,210,101,105,463,228,123,6.0,-103.0,5.0,0.7909354691650278,0,0
32_p227_146_mic2.wav,407,439,402,463,363,334,359,234,352,358,298,215,1.0,6.0,38.0,0.0,0,0
35_p228_220_mic2.wav,391,347,416,463,379,340,468,254,389,334,292,230,-72.0,-5.0,3.0,0.2147726058056968,0,0
17_p227_178_mic2.wav,422,393,380,470,354,329,361,155,312,379,177,152,12.0,15.0,9.0,0.47697337746488655,0,0
30_p227_030_mic1.wav,438,441,434,471,404,358,298,162,287,416,190,147,8.0,-17.0,-67.0,0.0,0,0
24_p228_334_mic1.wav,358,398,425,444,373,339,207,101,107,457,214,120,6.0,-13.0,1.0,0.0,0,0
19_p227_181_mic1.wav,466,413,404,459,381,350,361,127,231,331,218,175,8.0,-129.0,2.0,0.3941351059133469,0,0
21_p227_094_mic1.wav,416,400,429,426,383,357,441,225,374,402,262,183,-39.0,73.0,10.0,0.28034928529012015,0,0
0_p227_168_mic1.wav,393,377,421,415,365,312,301,241,314,354,212,181,16.0,-17.0,1.0,0.7449794395423626,0,0
33_p227_036_mic2.wav,446,367,383,467,383,349,210,101,105,463,228,123,20.0,-13.0,8.0,0.0,0,0
7_p228_364_mic2.wav,425,326,368,406,331,303,316,308,359,363,232,192,15.0,-18.0,6.0,0.592710370068772,0,0
20_p227_086_mic2.wav,421,355,443,487,313,339,320,121,198,367,203,175,10.0,-62.0,137.0,0.028901313819576946,0,0
8_p228_309_mic2.wav,383,384,385,436,380,322,340,260,360,322,205,181,14.0,-2.0,6.0,0.08405331958829365,0,0
37_p227_082_mic2.wav,405,372,381,421,347,310,378,286,237,399,202,166,11.0,240.0,-41.0,0.7987143530291819,0,0
34_p228_365_mic2.wav,438,375,407,450,392,342,338,168,293,382,179,153,3.0,-21.0,1.0,0.0,0,0
5_p227_030_mic1.wav,438,441,434,471,404,358,398,276,409,339,212,161,10.0,16.0,3.0,0.41613962106528524,0,0
18_p228_365_mic2.wav,438,375,407,450,392,342,416,152,425,348,261,146,14.0,-1.0,2.0,0.483533801835174,0,0
36_p228_269_mic1.wav,461,394,383,428,387,355,277,100,113,286,168,118,59.0,-27.0,273.0,0.4179754875762285,0,0
23_p227_123_mic2.wav,424,396,362,473,338,327,407,152,174,310,195,135,14.0,-8.0,222.0,0.6165757567184084,0,0
30_p227_151_mic2.wav,424,360,342,479,342,349,390,240,408,319,224,166,-95.0,-21.0,0.0,1.0,0,0
4_p227_126_mic2.wav,464,301,364,479,316,272,317,191,304,401,183,153,18.0,6.0,8.0,0.05637245580233252,0,0
21_p228_205_mic1.wav,382,353,421,472,398,342,374,213,379,378,294,214,-74.0,92.0,0.0,0.933426093986713,0,0
29_p227_103_mic2.wav,436,399,392,452,332,309,342,190,423,458,267,188,10.0,25.0,-417.0,0.0,0,0
27_p227_146_mic2.wav,407,439,402,463,363,334,211,101,106,463,227,123,8.0,-1.0,2.0,0.0,0,0
11_p227_082_mic2.wav,405,372,381,421,347,310,356,159,342,365,230,149,6.0,-89.0,5.0,0.9638131510497924,0,0
2_p228_228_mic2.wav,457,354,327,443,316,285,340,183,263,350,228,186,14.0,-3.0,8.0,0.5986142995665096,0,0
2_p227_089_mic2.wav,424,366,362,455,308,281,294,193,199,373,194,145,13.0,-10.0,3.0,0.9408243477185038,0,0
26_p227_030_mic1.wav,438,441,434,471,404,358,393,175,413,424,257,179,17.0,21.0,8.0,0.9462328998289117,0,0
26_p227_158_mic1.wav,388,351,376,445,319,301,317,130,237,408,181,173,6.0,45.0,184.0,0.8318602462557024,0,0
14_p227_020_mic2.wav,386,368,411,456,377,335,443,263,392,293,255,214,2.0,-25.0,9.0,0.3102054463377545,0,0
0_p227_169_mic1.wav,436,355,437,417,355,325,325,248,326,284,256,229,1.0,-14.0,9.0,0.2585900294102277,0,0
28_p228_348_mic2.wav,447,383,344,480,345,313,396,197,350,405,256,175,-7.0,-52.0,4.0,0.5736153373016435,0,0
5_p227_080_mic1.wav,379,369,372,403,332,300,371,277,374,275,275,216,19.0,28.0,4.0,0.3451350351642074,0,0
36_p228_365_mic2.wav,438,375,407,450,392,342,210,101,105,463,228,123,18.0,10.0,318.0,0.9060758396102122,0,0
21_p228_228_mic2.wav,457,354,327,443,316,285,361,121,141,426,215,142,2.0,-89.0,7.0,0.43443494177077735,0,0
2_p228_289_mic2.wav,469,391,391,469,377,358,311,240,240,392,185,149,9.0,13.0,5.0,0.3761668059210671,0,0
14_p227_113_mic2.wav,363,432,405,465,373,347,339,216,422,424,278,198,7.0,-19.0,8.0,0.0,0,0
1_p227_082_mic2.wav,405,372,381,421,347,310,381,267,362,317,243,201,5.0,21.0,8.0,0.5280166872838501,0,0
38_imalavoglia_00_verga_f000005.wav,416,377,366,425,335,298,360,185,387,399,282,193,3.0,10.0,-45.0,0.637096045681013,0,0
2_p227_069_mic1.wav,417,407,453,478,411,359,434,192,382,408,251,181,3.0,24.0,0.0,0.5637692410407101,0,0
20_p227_001_mic1.wav,419,325,396,438,359,320,353,174,386,398,273,183,6.0,13.0,9.0,0.5163082208461659,0,0
9_p228_289_mic2.wav,469,391,391,469,377,358,365,171,147,272,190,135,10.0,-3.0,225.0,1.0,0,0
28_p227_178_mic2.wav,422,393,380,470,354,329,393,212,341,305,213,169,11.0,-6.0,10.0,0.0,0,0
34_p228_233_mic2.wav,361,350,378,400,309,280,383,205,369,396,267,182,8.0,2.0,6.0,0.0,0,0
30_imalavoglia_00_verga_f000005.wav,416,377,366,425,335,298,316,181,286,393,208,176,9.0,-166.0,53.0,0.0,0,0
28_p227_113_mic2.wav,363,432,405,465,373,347,452,242,378,365,268,213,18.0,-27.0,5.0,0.0,0,0
28_p227_146_mic2.wav,407,439,402,463,363,334,398,166,392,390,270,178,12.0,-22.0,6.0,0.0,0,0
30_p228_339_mic2.wav,461,363,379,485,401,352,349,171,384,396,261,176,0.0,-27.0,-8.0,0.7628025601564266,0,0
31_p227_099_mic1.wav,395,398,423,461,371,348,353,191,363,388,262,177,19.0,-5.0,-17.0,0.0,0,0
13_p228_337_mic2.wav,451,341,335,472,384,311,332,124,313,382,213,156,16.0,-28.0,10.0,0.23685467540098581,0,0
8_p227_113_mic2.wav,363,432,405,465,373,347,301,217,306,321,173,157,7.0,7.0,2.0,0.22464728148213764,0,0
35_p227_061_mic2.wav,420,413,408,469,433,382,328,175,278,364,199,167,17.0,25.0,75.0,0.0,0,0
32_p228_206_mic1.wav,433,305,387,481,405,355,344,259,355,350,216,168,15.0,21.0,2.0,0.0,0,0
5_p227_145_mic1.wav,408,391,414,467,386,355,333,250,355,266,207,181,90.0,-17.0,-33.0,0.23348922395877192,0,0
9_p228_209_mic2.wav,435,413,370,438,406,340,196,101,105,459,216,120,16.0,9.0,4.0,0.7634652743768774,0,0
15_p227_062_mic2.wav,433,402,462,482,343,331,210,101,105,460,218,120,148.0,28.0,5.0,0.08665235351270295,0,0
4_p227_086_mic2.wav,421,355,443,487,313,339,329,246,357,355,250,189,3.0,5.0,0.0,0.23496515089300685,0,0
26_p227_177_mic2.wav,420,412,445,489,328,312,455,251,383,348,266,222,-18.0,166.0,10.0,0.9002022782044966,0,0
22_p227_089_mic2.wav,424,366,362,455,308,281,341,125,166,483,291,142,17.0,-23.0,8.0,0.0,0,0
19_p227_073_mic2.wav,421,257,364,485,303,312,316,237,321,349,195,154,17.0,11.0,35.0,0.0,0,0
8_imalavoglia_00_verga_f000005.wav,416,377,366,425,335,298,413,141,403,411,263,164,1.0,-12.0,10.0,0.09168250742537454,0,0
18_p227_169_mic1.wav,436,355,437,417,355,325,350,237,350,305,264,204,13.0,15.0,-39.0,0.3788803490968732,0,0
6_imalavoglia_00_verga_f000005.wav,416,377,366,425,335,298,377,236,284,298,166,147,3.0,10.0,10.0,0.5979097175338058,0,0
14_p228_206_mic1.wav,433,305,387,481,405,355,334,290,348,346,269,204,11.0,-8.0,6.0,0.9011660148653098,0,0
0_p227_080_mic1.wav,379,369,372,403,332,300,413,218,427,305,206,165,15.0,-25.0,4.0,0.836331039349526,0,0
10_p227_138_mic2.wav,433,401,388,488,359,346,363,154,368,393,239,164,18.0,-21.0,8.0,0.5130247926095101,0,0
12_p228_269_mic1.wav,461,394,383,428,387,355,346,198,290,353,214,180,15.0,-19.0,65.0,0.12573174412855792,0,0
25_p227_138_mic2.wav,433,401,388,488,359,346,230,101,113,450,204,117,214.0,-17.0,7.0,0.20063993440543493,0,0
22_p227_146_mic2.wav,407,439,402,463,363,334,315,125,311,361,174,133,5.0,11.0,8.0,0.0,0,0
5_p227_138_mic2.wav,433,401,388,488,359,346,288,178,235,362,195,149,14.0,-8.0,8.0,0.0,0,0
16_p228_209_mic1.wav,447,354,379,467,390,330,419,263,387,320,272,220,11.0,108.0,2.0,0.0,0,0
27_p228_210_mic1.wav,466,371,392,475,408,345,303,221,354,278,190,155,79.0,48.0,10.0,0.0,0,0
11_p227_061_mic2.wav,420,413,408,469,433,382,309,256,327,354,213,170,5.0,-2.0,10.0,0.21225627829367466,0,0
8_p227_107_mic1.wav,448,408,462,416,392,360,264,243,283,350,173,155,14.0,-24.0,7.0,0.0,0,0
25_p228_337_mic2.wav,451,341,335,472,384,311,347,196,423,404,293,196,17.0,-57.0,3.0,0.0,0,0
6_p227_181_mic1.wav,466,413,404,459,381,350,328,120,124,472,301,141,7.0,-7.0,0.0,0.8130729843839093,0,0
20_p228_345_mic1.wav,479,368,420,485,397,356,375,163,367,406,254,159,49.0,15.0,31.0,0.6743664144846743,0,0
31_p227_062_mic2.wav,433,402,462,482,343,331,352,188,238,338,185,149,197.0,-22.0,6.0,0.0,0,0
22_p227_069_mic1.wav,417,407,453,478,411,359,301,197,302,341,164,142,17.0,21.0,2.0,0.8217889116822689,0,0
4_p228_288_mic2.wav,415,372,365,451,356,319,450,236,384,247,247,204,14.0,7.0,10.0,0.6811018275982035,0,0
24_imalavoglia_00_verga_f000005.wav,416,377,366,425,335,298,191,101,105,460,219,122,3.0,-264.0,0.0,0.9802938814292562,0,0
26_p228_342_mic1.wav,435,382,432,443,383,317,321,174,324,406,167,151,1.0,-113.0,10.0,0.0,0,0
3_p228_342_mic1.wav,435,382,432,443,383,317,430,222,341,398,260,186,15.0,-26.0,10.0,0.881856593162499,0,0
17_p228_300_mic1.wav,449,297,398,469,398,356,441,196,413,394,301,214,9.0,-1.0,9.0,0.78473613373131,0,0
34_imalavoglia_00_verga_f000005.wav,416,377,366,425,335,298,322,145,323,414,203,160,130.0,-51.0,9.0,0.9848777551399772,0,0
11_p228_260_mic1.wav,458,369,437,488,447,377,370,161,384,409,267,176,18.0,21.0,3.0,0.022778408006606687,0,0
14_p228_338_mic2.wav,403,368,413,446,371,332,425,144,425,420,208,137,5.0,27.0,10.0,0.8201866201533374,0,0
8_p228_338_mic2.wav,403,368,413,446,371,332,208,101,105,461,228,122,20.0,4.0,3.0,0.20985881771839554,0,0
6_p228_364_mic2.wav,425,326,368,406,331,303,321,204,303,358,213,175,18.0,18.0,9.0,0.8935402935692278,0,0
9_p227_088_mic1.wav,464,396,441,485,440,414,321,222,285,377,230,192,15.0,-20.0,9.0,0.0,0,0
8_p227_123_mic2.wav,424,396,362,473,338,327,374,195,373,398,258,193,3.0,-57.0,4.0,0.7761707008315433,0,0
7_p227_178_mic2.wav,422,393,380,470,354,329,292,211,338,333,224,183,0.0,-26.0,5.0,1.0,0,0
17_galatea_01_barrili_f000013.wav,385,464,404,418,310,267,275,145,218,373,194,156,94.0,16.0,7.0,0.1921799076106272,0,0
4_p227_080_mic1.wav,379,369,372,403,332,300,472,204,345,329,221,161,4.0,1.0,3.0,0.052427150759640107,0,0
35_p227_146_mic2.wav,407,439,402,463,363,334,200,101,106,460,221,122,0.0,-1.0,2.0,0.0,0,0
7_p227_146_mic2.wav,407,439,402,463,363,334,300,234,340,355,200,166,100.0,6.0,4.0,0.037801169617091235,0,0
31_p227_123_mic1.wav,410,373,424,451,391,354,343,184,367,382,262,178,-2.0,27.0,-48.0,0.40062408737327104,0,0
34_p227_001_mic1.wav,419,325,396,438,359,320,292,234,351,381,191,154,37.0,-24.0,-67.0,0.0,0,0
11_p227_086_mic2.wav,421,355,443,487,313,339,289,253,276,381,172,144,0.0,-29.0,3.0,0.0,0,0
39_p228_342_mic1.wav,435,382,432,443,383,317,359,234,352,358,298,215,18.0,-15.0,7.0,0.713205472848121,0,0
26_p227_123_mic2.wav,424,396,362,473,338,327,309,155,248,395,192,142,2.0,-8.0,84.0,0.15386712498062938,0,0
6_p228_263_mic1.wav,415,344,413,473,383,338,353,176,368,389,267,173,14.0,-28.0,6.0,0.7498844561804786,0,0
6_p227_079_mic1.wav,453,430,420,491,376,338,432,274,368,276,259,215,13.0,24.0,1.0,0.3198899890162482,0,0
4_p227_177_mic2.wav,420,412,445,489,328,312,331,216,361,347,230,172,14.0,9.0,9.0,0.8814091630252721,0,0
2_p227_151_mic2.wav,424,360,342,479,342,349,446,261,381,298,238,184,7.0,27.0,4.0,0.8977977621892643,0,0
25_p228_363_mic2.wav,458,348,356,466,378,340,311,202,252,391,198,150,7.0,5.0,2.0,0.0,0,0
2_p227_094_mic1.wav,416,400,429,426,383,357,457,176,323,358,214,160,9.0,0.0,5.0,0.6594202296913471,0,0
21_p227_178_mic2.wav,422,393,380,470,354,329,396,140,414,420,267,155,1.0,-19.0,-45.0,0.09953622129340856,0,0
31_p227_048_mic2.wav,404,336,443,476,328,297,376,191,392,349,261,192,-68.0,7.0,1.0,0.0,0,0
19_p228_289_mic2.wav,469,391,391,469,377,358,438,193,362,418,257,185,16.0,13.0,0.0,0.5849664262288636,0,0
11_p227_088_mic1.wav,464,396,441,485,440,414,392,212,389,358,269,206,-11.0,13.0,3.0,0.29761754001086804,0,0
27_p228_228_mic2.wav,457,354,327,443,316,285,350,106,147,317,208,132,15.0,-14.0,9.0,0.0,0,0
31_p227_025_mic2.wav,421,313,386,491,349,344,322,122,130,452,274,153,6.0,-30.0,2.0,0.0,0,0
16_p228_209_mic2.wav,435,413,370,438,406,340,310,168,291,342,192,149,178.0,-6.0,0.0,0.9962690887340929,0,0
18_p228_209_mic2.wav,435,413,370,438,406,340,316,162,318,367,173,145,0.0,5.0,4.0,0.0,0,0
20_p227_030_mic1.wav,438,441,434,471,404,358,359,234,352,358,298,215,1.0,-81.0,6.0,0.0,0,0
14_p227_048_mic2.wav,404,336,443,476,328,297,336,175,266,276,167,147,54.0,-8.0,6.0,0.7667046155694694,0,0
23_p228_278_mic1.wav,438,342,389,461,383,334,337,167,276,410,205,169,9.0,23.0,115.0,0.0,0,0
16_p227_083_mic1.wav,410,388,431,441,334,327,356,166,384,398,272,179,17.0,-11.0,8.0,0.0,0,0
2_p228_337_mic2.wav,451,341,335,472,384,311,421,196,393,309,225,165,4.0,-4.0,9.0,0.2471770246823375,0,0
39_p227_169_mic1.wav,436,355,437,417,355,325,345,245,287,365,237,183,-7.0,-1.0,29.0,0.0,0,0
26_p228_275_mic1.wav,412,368,382,431,377,338,250,183,262,381,187,153,11.0,-5.0,171.0,0.6515667101593696,0,0
29_p228_364_mic2.wav,425,326,368,406,331,303,346,215,363,339,222,167,79.0,30.0,-33.0,0.15419096669981824,0,0
37_p228_288_mic2.wav,415,372,365,451,356,319,478,337,353,232,254,207,-136.0,130.0,0.0,0.0,0,0
29_p227_123_mic1.wav,410,373,424,451,391,354,290,108,261,406,201,116,96.0,-33.0,3.0,0.0,0,0
6_p227_156_mic2.wav,381,395,381,439,320,307,417,189,411,350,281,213,12.0,-17.0,0.0,0.10477419640355123,0,0
36_p227_036_mic2.wav,446,367,383,467,383,349,440,192,407,351,229,159,2.0,-7.0,0.0,1.0,0,0
32_p227_062_mic2.wav,433,402,462,482,343,331,383,206,345,406,266,179,2.0,-10.0,-12.0,0.0,0,0
25_p228_345_mic1.wav,479,368,420,485,397,356,299,159,368,374,163,152,16.0,47.0,-9.0,0.0,0,0
5_p228_342_mic1.wav,435,382,432,443,383,317,399,194,398,393,270,179,10.0,-14.0,10.0,0.232501468168701,0,0
31_p227_177_mic2.wav,420,412,445,489,328,312,311,217,327,316,172,152,186.0,-4.0,3.0,1.0,0,0
31_p228_348_mic2.wav,447,383,344,480,345,313,450,122,204,403,227,157,19.0,-128.0,3.0,0.5592897173062389,0,0
29_p228_289_mic2.wav,469,391,391,469,377,358,329,131,308,398,191,150,17.0,-6.0,10.0,0.0,0,0
2_p228_285_mic1.wav,456,336,390,473,406,358,280,161,332,365,203,151,14.0,-2.0,8.0,0.7234175296280708,0,0
9_p227_025_mic2.wav,421,313,386,491,349,344,308,251,315,361,230,185,13.0,-28.0,3.0,0.2772332132681259,0,0
36_p227_090_mic1.wav,414,451,410,449,357,318,292,196,320,372,180,155,2.0,3.0,10.0,0.0,0,0
20_p228_220_mic2.wav,391,347,416,463,379,340,401,260,388,243,232,173,16.0,-6.0,-22.0,0.3914901351282807,0,0
17_p228_285_mic1.wav,456,336,390,473,406,358,401,255,383,350,273,221,17.0,26.0,-99.0,0.4311845740199036,0,0
27_keraban_le_tetu_1_05_f000019_seg_0.wav,371,352,357,422,292,255,439,176,398,382,268,200,17.0,-16.0,10.0,0.06712269334227605,0,0
11_p228_228_mic2.wav,457,354,327,443,316,285,363,158,397,401,243,158,10.0,3.0,7.0,0.0334027775091611,0,0
18_p227_036_mic2.wav,446,367,383,467,383,349,332,234,320,358,215,155,14.0,17.0,50.0,0.0,0,0
12_p227_181_mic1.wav,466,413,404,459,381,350,448,295,289,392,204,183,13.0,-7.0,10.0,0.5056724740574725,0,0
1_p228_210_mic1.wav,466,371,392,475,408,345,340,256,335,260,208,167,9.0,10.0,2.0,0.4872870643045075,0,0
2_p228_275_mic1.wav,412,368,382,431,377,338,379,276,396,299,235,189,3.0,28.0,-84.0,0.33421241226757703,0,0
25_p227_123_mic2.wav,424,396,362,473,338,327,371,117,178,390,184,143,-48.0,-26.0,3.0,0.0,0,0
31_p227_158_mic1.wav,388,351,376,445,319,301,293,217,287,366,186,170,16.0,-30.0,1.0,0.09928702366964204,0,0
16_p227_165_mic1.wav,448,423,452,447,379,334,301,207,312,291,188,154,16.0,5.0,9.0,0.18496154777924312,0,0
16_p228_244_mic2.wav,413,414,389,457,392,351,441,227,375,327,226,179,3.0,-29.0,15.0,0.2703208153141001,0,0
31_galatea_01_barrili_f000006.wav,390,429,391,383,350,304,445,342,164,477,226,174,12.0,23.0,0.0,0.0,0,0
37_p227_170_mic2.wav,464,347,366,485,320,293,293,159,392,344,253,173,18.0,2.0,10.0,1.0,0,0
32_p227_069_mic1.wav,417,407,453,478,411,359,430,166,325,315,252,183,-44.0,3.0,50.0,0.8535235883904547,0,0
22_p227_057_mic1.wav,458,372,409,441,342,313,353,191,363,388,262,177,2.0,-27.0,7.0,0.0,0,0
11_p227_178_mic2.wav,422,393,380,470,354,329,369,163,391,407,282,184,18.0,-10.0,6.0,0.6838730596998015,0,0
31_p227_022_mic1.wav,395,428,458,468,409,379,449,158,235,371,220,165,-100.0,4.0,10.0,0.90779069329687,0,0
12_keraban_le_tetu_1_05_f000019_seg_0.wav,371,352,357,422,292,255,288,201,321,354,190,152,6.0,-7.0,10.0,0.7429013751480293,0,0
10_p227_089_mic2.wav,424,366,362,455,308,281,315,157,298,357,207,165,135.0,28.0,3.0,0.1894796903724798,0,0
29_p227_146_mic2.wav,407,439,402,463,363,334,378,230,373,332,216,165,-55.0,-19.0,-59.0,0.21345269371998032,0,0
26_p227_022_mic1.wav,395,428,458,468,409,379,289,129,327,364,181,148,30.0,-2.0,0.0,0.23507873268088098,0,0
14_p227_096_mic1.wav,387,376,432,428,343,305,372,211,356,305,252,205,15.0,0.0,45.0,0.0,0,0
0_p228_363_mic2.wav,458,348,356,466,378,340,352,205,355,379,225,171,1.0,2.0,0.0,0.27611255721229944,0,0
4_p227_178_mic2.wav,422,393,380,470,354,329,409,197,202,329,228,165,13.0,25.0,7.0,0.1936755507915513,0,0
39_p227_048_mic2.wav,404,336,443,476,328,297,334,168,234,441,169,126,5.0,28.0,1.0,0.0,0,0
9_p228_263_mic1.wav,415,344,413,473,383,338,408,289,335,344,246,200,14.0,-28.0,-66.0,0.606381585250585,0,0
29_p227_057_mic1.wav,458,372,409,441,342,313,449,228,370,376,276,217,11.0,16.0,-35.0,0.4066490034795265,0,0
35_p228_345_mic1.wav,479,368,420,485,397,356,366,365,104,458,338,147,-25.0,288.0,299.0,0.0,0,0
11_p228_283_mic2.wav,468,413,397,479,385,338,342,234,344,355,239,190,76.0,-9.0,5.0,0.8228659940077773,0,0
20_p227_169_mic2.wav,407,331,334,461,301,296,372,171,326,373,216,160,106.0,15.0,2.0,0.2635462827221773,0,0
15_p227_118_mic2.wav,365,398,376,444,351,303,352,219,387,347,255,193,0.0,2.0,9.0,0.0,0,0
17_p227_030_mic1.wav,438,441,434,471,404,358,351,264,377,280,258,205,14.0,-22.0,6.0,1.0,0,0
9_p227_057_mic1.wav,458,372,409,441,342,313,366,178,348,373,231,166,9.0,-10.0,9.0,0.20711501559988899,0,0
12_oblomov_s000011_seg_0.wav,419,430,449,477,413,371,313,268,304,369,200,150,6.0,-11.0,10.0,0.6954817419044633,0,0
13_p228_209_mic2.wav,435,413,370,438,406,340,405,204,355,409,258,177,-27.0,20.0,9.0,0.9779814568868734,0,0
25_p227_169_mic2.wav,407,331,334,461,301,296,279,163,268,347,180,154,138.0,-27.0,6.0,1.0,0,0
10_p227_071_mic1.wav,416,387,439,452,361,325,364,264,396,341,277,218,0.0,21.0,6.0,0.49090732893072153,0,0
39_p228_275_mic1.wav,412,368,382,431,377,338,347,195,423,403,293,196,5.0,19.0,5.0,0.05612726484781372,0,0
16_p227_094_mic1.wav,416,400,429,426,383,357,300,183,288,373,185,150,85.0,-27.0,41.0,0.27114700524459145,0,0
18_p228_338_mic2.wav,403,368,413,446,371,332,377,142,381,375,236,144,5.0,-134.0,10.0,0.16926685770519512,0,0
21_p227_168_mic1.wav,393,377,421,415,365,312,327,158,218,345,199,137,2.0,17.0,0.0,0.8441701785452354,0,0
4_p227_107_mic1.wav,448,408,462,416,392,360,343,153,369,393,203,145,14.0,-6.0,10.0,0.105238288421858,0,0
16_p227_151_mic2.wav,424,360,342,479,342,349,344,308,372,363,238,194,21.0,54.0,3.0,0.7977209881797944,0,0
37_p227_178_mic2.wav,422,393,380,470,354,329,364,313,421,309,305,252,10.0,23.0,-33.0,0.0,0,0
11_p227_054_mic1.wav,391,358,423,405,338,309,328,178,296,351,232,179,9.0,27.0,5.0,0.7765133546273436,0,0
16_p227_020_mic2.wav,386,368,411,456,377,335,360,186,389,400,282,193,2.0,-11.0,5.0,0.0,0,0
26_p228_338_mic2.wav,403,368,413,446,371,332,208,101,105,462,228,123,20.0,-181.0,3.0,0.542784209515509,0,0
32_p227_138_mic2.wav,433,401,388,488,359,346,360,179,388,399,279,187,150.0,32.0,-73.0,0.39246785139033435,0,0
39_p227_096_mic1.wav,387,376,432,428,343,305,353,174,386,398,273,183,7.0,-5.0,1.0,0.8759564308509344,0,0
14_p227_094_mic1.wav,416,400,429,426,383,357,210,101,105,463,228,123,4.0,-66.0,9.0,0.5656988044816953,0,0
39_p227_042_mic1.wav,380,415,395,404,364,342,372,120,353,363,195,129,24.0,-29.0,10.0,0.6449041637980626,0,0
16_p227_169_mic2.wav,407,331,334,461,301,296,441,220,397,409,314,238,1.0,12.0,7.0,0.0,0,0
9_p228_283_mic2.wav,468,413,397,479,385,338,443,232,305,232,225,173,0.0,26.0,6.0,0.5617885475281126,0,0
23_imalavoglia_00_verga_f000005.wav,416,377,366,425,335,298,478,394,166,472,203,170,4.0,-8.0,10.0,0.7712006859702292,0,0
38_p228_336_mic2.wav,415,395,326,428,339,324,445,250,410,342,290,225,-241.0,-18.0,8.0,0.9629880847059915,0,0
22_p228_205_mic1.wav,382,353,421,472,398,342,347,279,307,320,219,188,3.0,62.0,-46.0,0.0,0,0
29_p227_042_mic1.wav,380,415,395,404,364,342,302,198,337,389,236,190,3.0,-5.0,9.0,0.7252998053396634,0,0
20_p227_151_mic2.wav,424,360,342,479,342,349,361,213,354,306,182,148,10.0,-44.0,7.0,0.0,0,0
0_chetvero_nischih_s000004_seg_0.wav,457,336,443,480,421,387,346,268,347,358,243,197,6.0,28.0,10.0,0.6982609729255894,0,0
28_p228_363_mic2.wav,458,348,356,466,378,340,303,170,333,376,181,169,16.0,30.0,63.0,0.0,0,0
19_p227_158_mic1.wav,388,351,376,445,319,301,371,265,375,387,233,183,17.0,25.0,-154.0,0.12897993871840352,0,0
38_p227_069_mic1.wav,417,407,453,478,411,359,400,188,468,370,268,204,19.0,-21.0,-85.0,0.5126011378645683,0,0
10_p227_123_mic2.wav,424,396,362,473,338,327,340,245,338,388,228,164,93.0,8.0,8.0,0.06618580656250783,0,0
31_p227_050_mic1.wav,460,410,300,461,377,314,335,149,245,395,220,159,13.0,62.0,4.0,0.0,0,0
23_p227_086_mic2.wav,421,355,443,487,313,339,304,215,347,376,180,165,0.0,-5.0,10.0,0.0,0,0
3_p227_169_mic2.wav,407,331,334,461,301,296,458,219,353,331,238,165,11.0,-10.0,3.0,0.22911383426232168,0,0
37_p227_062_mic2.wav,433,402,462,482,343,331,362,156,350,397,175,144,-9.0,-15.0,5.0,0.0,0,0
4_p227_094_mic1.wav,416,400,429,426,383,357,394,240,402,305,229,192,2.0,-9.0,8.0,0.0,0,0
1_p228_271_mic2.wav,411,423,355,433,343,320,297,214,265,406,221,171,14.0,-1.0,0.0,0.7330594563912597,0,0
26_p228_337_mic2.wav,451,341,335,472,384,311,334,220,344,322,177,147,18.0,-40.0,0.0,0.4427132280145286,0,0
27_p228_309_mic2.wav,383,384,385,436,380,322,223,101,105,463,229,122,8.0,-17.0,206.0,0.0,0,0
26_p228_271_mic2.wav,411,423,355,433,343,320,313,210,231,440,193,142,7.0,-26.0,-4.5,0.8830605444649757,0,0
4_p227_090_mic1.wav,414,451,410,449,357,318,455,168,325,388,191,146,10.0,2.0,7.0,0.5260836260213673,0,0
20_p227_168_mic1.wav,393,377,421,415,365,312,384,243,378,329,228,180,10.0,231.0,1.0,0.9582082731169621,0,0
15_p228_209_mic2.wav,435,413,370,438,406,340,383,193,372,333,220,164,15.0,9.0,7.0,0.14649671868357417,0,0
16_p228_342_mic1.wav,435,382,432,443,383,317,394,190,185,284,223,158,-20.0,6.0,10.0,1.0,0,0
17_p228_206_mic1.wav,433,305,387,481,405,355,319,232,328,318,182,160,6.0,7.0,0.0,0.0,0,0
36_keraban_le_tetu_1_05_f000019_seg_0.wav,371,352,357,422,292,255,365,258,400,338,265,208,13.0,14.0,0.0,0.8795643120018822,0,0
34_p228_338_mic2.wav,403,368,413,446,371,332,370,238,396,297,221,166,0.0,7.0,-47.0,1.0,0,0
3_p228_316_mic1.wav,432,375,407,452,393,330,398,251,383,309,217,183,5.0,22.0,9.0,0.1002386711687,0,0
18_p228_283_mic2.wav,468,413,397,479,385,338,282,158,195,372,163,129,8.0,11.0,6.0,0.30599190722520775,0,0
21_p227_069_mic1.wav,417,407,453,478,411,359,368,254,339,348,232,189,15.0,-51.0,6.0,1.0,0,0
31_chetvero_nischih_s000013_seg_0.wav,395,400,470,474,397,361,313,206,336,371,187,158,98.0,-13.0,9.0,0.616580710411719,0,0
25_p227_032_mic1.wav,371,368,438,471,372,343,348,265,350,351,253,214,16.0,17.0,5.0,0.04076002624288955,0,0
7_p228_233_mic2.wav,361,350,378,400,309,280,207,101,105,463,226,123,6.0,-147.0,6.0,0.6665329012982761,0,0
18_p228_330_mic2.wav,419,398,351,476,396,349,347,229,350,296,195,159,15.0,12.0,4.0,1.0,0,0
22_p227_156_mic2.wav,381,395,381,439,320,307,348,170,356,409,244,167,18.0,-21.0,3.0,0.0,0,0
31_p227_090_mic1.wav,414,451,410,449,357,318,297,115,223,465,170,119,197.0,-7.0,7.0,0.6587186389255515,0,0
18_p228_285_mic1.wav,456,336,390,473,406,358,378,174,387,383,258,177,8.0,18.0,3.0,0.16701871961409587,0,0
22_p227_062_mic2.wav,433,402,462,482,343,331,385,197,364,346,234,166,10.0,3.0,8.0,0.0,0,0
24_p228_228_mic2.wav,457,354,327,443,316,285,440,181,436,286,266,163,3.0,-29.0,4.0,0.6872932469398623,0,0
13_p227_083_mic1.wav,410,388,431,441,334,327,341,208,288,383,208,156,26.0,102.0,7.0,0.12172235397434994,0,0
19_p227_169_mic1.wav,436,355,437,417,355,325,469,330,121,475,326,194,6.0,131.0,9.0,0.15146886594863385,0,0
8_p227_099_mic1.wav,395,398,423,461,371,348,438,178,396,396,267,189,5.0,-26.0,4.0,0.37551647633749285,0,0
13_p227_168_mic1.wav,393,377,421,415,365,312,392,229,323,337,222,162,16.0,17.0,10.0,0.0,0,0
27_p227_030_mic1.wav,438,441,434,471,404,358,352,279,356,312,251,208,6.0,-28.0,9.0,1.0,0,0
36_p228_334_mic1.wav,358,398,425,444,373,339,210,101,105,463,228,123,8.0,-15.0,8.0,0.0,0,0
32_p227_151_mic2.wav,424,360,342,479,342,349,274,115,184,402,141,125,18.0,-259.0,161.0,0.0,0,0
37_p227_107_mic1.wav,448,408,462,416,392,360,343,181,369,382,263,178,14.0,-24.0,-11.0,0.4455311375300004,0,0
27_p228_334_mic1.wav,358,398,425,444,373,339,210,101,105,463,228,123,8.0,-15.0,8.0,0.0,0,0
24_p227_145_mic1.wav,408,391,414,467,386,355,380,188,360,398,262,173,14.0,-25.0,-156.0,0.786537105499971,0,0
26_p227_001_mic1.wav,419,325,396,438,359,320,455,111,267,415,166,136,-138.0,10.0,1.0,0.895100875976446,0,0
15_p228_288_mic2.wav,415,372,365,451,356,319,210,101,105,463,228,123,220.0,-103.0,7.0,0.6546508284257273,0,0
28_p228_339_mic2.wav,461,363,379,485,401,352,372,177,469,341,220,143,9.0,-56.0,-209.0,0.8306348064370882,0,0
11_p228_363_mic2.wav,458,348,356,466,378,340,377,222,280,251,196,167,16.0,90.0,112.0,0.05033334229562847,0,0
22_p227_145_mic1.wav,408,391,414,467,386,355,335,167,339,364,174,160,-18.0,18.0,5.0,0.0,0,0
20_imalavoglia_00_verga_f000005.wav,416,377,366,425,335,298,448,287,387,314,237,199,-184.0,322.0,0.0,0.11676032538043302,0,0
25_p227_030_mic1.wav,438,441,434,471,404,358,362,178,388,401,280,188,33.0,14.0,8.0,0.10685034512040059,0,0
13_p227_177_mic2.wav,420,412,445,489,328,312,297,214,305,352,160,146,18.0,-13.0,1.0,0.9306859997670555,0,0
38_p227_118_mic2.wav,365,398,376,444,351,303,359,234,352,358,298,215,7.0,39.0,8.0,0.4439475844481041,0,0
11_p227_073_mic2.wav,421,257,364,485,303,312,386,240,348,259,220,182,14.0,24.0,0.0,0.8598705077097261,0,0
21_p228_345_mic1.wav,479,368,420,485,397,356,418,177,362,382,224,158,30.0,9.0,0.0,0.0,0,0
11_p228_205_mic1.wav,382,353,421,472,398,342,395,164,359,371,230,164,18.0,-63.0,0.0,0.4833178774770036,0,0
6_p227_032_mic1.wav,371,368,438,471,372,343,372,189,356,396,260,175,3.0,6.0,3.0,0.6024187217374677,0,0
28_p227_123_mic1.wav,410,373,424,451,391,354,432,288,374,338,244,193,-10.0,-8.0,3.0,0.0,0,0
37_p228_209_mic2.wav,435,413,370,438,406,340,295,163,327,325,198,165,111.0,87.0,9.0,0.0,0,0
17_p228_209_mic1.wav,447,354,379,467,390,330,323,161,340,404,171,164,16.0,-93.0,38.0,0.4863239133283632,0,0
14_p227_156_mic2.wav,381,395,381,439,320,307,199,101,105,453,202,118,197.0,26.0,5.0,0.3090037557900829,0,0
29_p227_169_mic1.wav,436,355,437,417,355,325,343,184,367,382,262,178,18.0,-45.0,6.0,0.4556374651351176,0,0
34_p227_050_mic1.wav,460,410,300,461,377,314,298,165,341,405,174,143,9.0,11.0,0.0,0.0,0,0
19_p227_099_mic1.wav,395,398,423,461,371,348,372,189,356,396,260,175,19.0,27.0,9.0,0.37551647633749285,0,0
4_p228_309_mic2.wav,383,384,385,436,380,322,415,198,233,235,230,187,8.0,21.0,21.0,0.549798927010902,0,0
17_p228_233_mic2.wav,361,350,378,400,309,280,285,191,334,374,152,130,0.0,20.0,4.0,0.8346382615156214,0,0
19_p227_072_mic1.wav,413,400,410,462,356,328,282,156,291,357,153,145,16.0,-4.0,4.0,0.9131763881654106,0,0
12_p228_275_mic1.wav,412,368,382,431,377,338,299,134,324,380,178,155,14.0,-30.0,5.0,0.5417883369145334,0,0
18_galatea_01_barrili_f000013.wav,385,464,404,418,310,267,210,101,105,463,228,123,10.0,-10.0,258.0,0.9057409745351163,0,0
27_p227_020_mic2.wav,386,368,411,456,377,335,361,185,395,366,270,197,94.0,7.0,2.0,0.0,0,0
23_p227_050_mic1.wav,460,410,300,461,377,314,342,260,369,343,209,168,8.0,30.0,7.0,0.8013292935632668,0,0
28_p227_181_mic1.wav,466,413,404,459,381,350,261,193,144,281,200,152,7.0,101.0,0.0,0.0,0,0
26_p228_348_mic2.wav,447,383,344,480,345,313,410,107,129,386,263,157,14.0,10.0,1.0,0.5488650636922978,0,0
33_p227_103_mic2.wav,436,399,392,452,332,309,319,159,344,376,196,168,15.0,14.0,-33.0,0.0,0,0
2_p228_205_mic1.wav,382,353,421,472,398,342,380,206,484,375,282,173,19.0,-2.0,9.0,0.1329906885649933,0,0
19_p228_364_mic2.wav,425,326,368,406,331,303,219,101,106,463,225,122,11.0,-21.0,1.0,0.18223015353096472,0,0
21_p228_338_mic2.wav,403,368,413,446,371,332,380,155,402,389,261,157,20.0,11.0,2.0,0.37316409412936113,0,0
19_p228_275_mic1.wav,412,368,382,431,377,338,346,181,372,386,262,180,20.0,21.0,16.0,1.0,0,0
28_p228_279_mic2.wav,440,345,377,472,355,315,342,106,150,446,231,153,0.0,-331.0,208.0,0.0,0,0
3_chetvero_nischih_s000013_seg_0.wav,395,400,470,474,397,361,317,245,308,362,221,191,5.0,29.0,10.0,0.1311390141842711,0,0
17_p227_123_mic2.wav,424,396,362,473,338,327,372,189,356,396,260,175,7.0,-89.0,2.0,0.0,0,0
32_p227_181_mic1.wav,466,413,404,459,381,350,301,225,312,406,212,185,6.0,28.0,8.0,0.32062087442079623,0,0
1_p227_118_mic2.wav,365,398,376,444,351,303,425,224,391,309,270,218,11.0,-12.0,3.0,0.01786696046880132,0,0
21_chetvero_nischih_s000013_seg_0.wav,395,400,470,474,397,361,396,197,350,405,256,175,12.0,24.0,1.0,0.08154021231114339,0,0
22_p227_169_mic2.wav,407,331,334,461,301,296,349,171,384,396,261,176,-33.0,15.0,1.0,0.37551647633749285,0,0
9_p227_169_mic1.wav,436,355,437,417,355,325,312,228,324,325,208,174,3.0,-1.0,40.0,0.010788287910443395,0,0
12_p227_086_mic2.wav,421,355,443,487,313,339,463,218,405,406,301,226,3.0,30.0,5.0,0.5777865915049635,0,0
2_p227_072_mic1.wav,413,400,410,462,356,328,309,223,332,295,202,166,20.0,-21.0,10.0,0.8085390445637459,0,0
8_p228_339_mic2.wav,461,363,379,485,401,352,319,239,341,351,217,184,11.0,8.0,4.0,0.7798840844262056,0,0
10_p227_080_mic1.wav,379,369,372,403,332,300,358,264,352,261,209,159,13.0,11.0,6.0,0.1249016931631689,0,0
1_p227_073_mic2.wav,421,257,364,485,303,312,318,252,354,352,230,186,19.0,-14.0,8.0,0.10434359570633178,0,0
1_galatea_01_barrili_f000008.wav,375,433,384,347,344,289,358,212,375,348,238,174,18.0,8.0,1.0,0.1632154073168398,0,0
34_p227_178_mic2.wav,422,393,380,470,354,329,312,252,306,339,188,159,64.0,-21.0,166.0,0.0,0,0
31_p227_138_mic2.wav,433,401,388,488,359,346,332,210,300,304,288,233,1.0,91.0,94.0,0.8127664465717928,0,0
37_p227_032_mic1.wav,371,368,438,471,372,343,370,161,384,409,267,176,12.0,-106.0,7.0,0.08614722099738636,0,0
16_p228_271_mic2.wav,411,423,355,433,343,320,401,160,360,422,239,160,77.0,-14.0,1.0,0.5050710859756397,0,0
13_p228_279_mic2.wav,440,345,377,472,355,315,342,213,384,333,275,209,0.0,29.0,9.0,0.053781463851146794,0,0
12_p227_054_mic1.wav,391,358,423,405,338,309,342,258,362,314,197,157,27.0,-6.0,6.0,0.4759494210560138,0,0
26_chetvero_nischih_s000013_seg_0.wav,395,400,470,474,397,361,342,189,260,372,183,144,14.0,5.0,2.0,0.0,0,0
26_p227_025_mic2.wav,421,313,386,491,349,344,211,101,105,463,229,123,74.0,-28.0,280.0,0.9463968006131163,0,0
26_p227_126_mic2.wav,464,301,364,479,316,272,363,107,284,369,180,141,1.0,-16.0,0.0,0.28607065930003683,0,0
23_p228_330_mic2.wav,419,398,351,476,396,349,392,243,381,343,267,187,4.0,99.0,0.0,0.6968923691958496,0,0
23_p228_337_mic2.wav,451,341,335,472,384,311,339,266,349,307,237,197,7.0,107.0,1.0,0.0,0,0
8_p227_048_mic2.wav,404,336,443,476,328,297,344,200,113,329,265,149,16.0,-28.0,5.0,0.4426584123251265,0,0
8_p227_073_mic2.wav,421,257,364,485,303,312,346,268,350,359,232,189,19.0,-27.0,10.0,0.9336028275731967,0,0
12_p227_107_mic1.wav,448,408,462,416,392,360,443,244,328,213,250,213,19.0,60.0,3.0,0.24331516944798415,0,0
22_p227_086_mic2.wav,421,355,443,487,313,339,359,109,312,386,197,154,38.0,-111.0,3.0,0.0,0,0
3_p228_334_mic1.wav,358,398,425,444,373,339,372,277,367,283,220,185,15.0,9.0,7.0,0.3857318999116598,0,0
30_galatea_01_barrili_f000008.wav,375,433,384,347,344,289,322,186,101,486,337,130,4.0,2.0,6.0,0.18745154816820053,0,0
7_p227_022_mic1.wav,395,428,458,468,409,379,349,241,388,287,211,168,0.0,-15.0,1.0,0.5234159036881528,0,0
1_p228_283_mic2.wav,468,413,397,479,385,338,418,151,401,394,230,148,3.0,-15.0,2.0,0.16836440885022974,0,0
11_p228_348_mic2.wav,447,383,344,480,345,313,384,266,384,287,202,180,20.0,13.0,0.0,0.842004207124913,0,0
7_p228_260_mic1.wav,458,369,437,488,447,377,351,334,360,314,253,213,2.0,-8.0,2.0,0.1564202826600236,0,0
22_p228_220_mic2.wav,391,347,416,463,379,340,228,101,107,460,227,121,259.0,-139.0,4.0,0.4711793486000829,0,0
15_p228_260_mic1.wav,458,369,437,488,447,377,359,187,430,395,233,163,26.0,-23.0,-28.0,0.8037806628021664,0,0
38_p228_269_mic1.wav,461,394,383,428,387,355,285,173,332,368,206,192,13.0,-19.0,4.0,0.9581859072396978,0,0
4_p227_030_mic1.wav,438,441,434,471,404,358,279,279,326,342,194,165,12.0,15.0,9.0,0.8644481610105922,0,0
22_p227_072_mic1.wav,413,400,410,462,356,328,394,200,350,405,257,176,4.0,-12.0,47.0,0.9634611613754953,0,0
36_p228_278_mic1.wav,438,342,389,461,383,334,371,151,389,415,269,173,9.0,15.0,8.0,0.0,0,0
1_p228_337_mic2.wav,451,341,335,472,384,311,402,261,356,213,202,170,9.0,17.0,3.0,0.2863004222531681,0,0
25_keraban_le_tetu_1_05_f000019_seg_0.wav,371,352,357,422,292,255,325,224,275,415,203,170,2.0,13.0,123.0,0.7242278307028781,0,0
33_p228_316_mic1.wav,432,375,407,452,393,330,223,101,108,461,220,122,20.0,10.0,10.0,0.8167953733696799,0,0
37_p228_260_mic1.wav,458,369,437,488,447,377,256,101,111,465,222,121,198.0,0.0,357.0,0.0,0,0
24_p227_099_mic1.wav,395,398,423,461,371,348,320,197,279,382,167,139,4.0,2.0,2.0,0.0,0,0
3_p227_032_mic1.wav,371,368,438,471,372,343,429,272,363,328,248,196,15.0,-17.0,7.0,0.8096605561393716,0,0
7_p227_082_mic2.wav,405,372,381,421,347,310,394,217,370,356,247,183,5.0,20.0,9.0,0.8454447015854981,0,0
34_p227_138_mic2.wav,433,401,388,488,359,346,364,221,247,299,260,202,5.0,5.0,149.0,0.38382390158460467,0,0
0_p228_345_mic1.wav,479,368,420,485,397,356,420,213,349,412,258,177,7.0,-1.0,5.0,0.3449505781932022,0,0
37_p228_269_mic1.wav,461,394,383,428,387,355,377,220,276,360,237,202,61.0,-4.0,8.0,0.0,0,0
7_p227_057_mic1.wav,458,372,409,441,342,313,413,206,471,333,292,193,4.0,-3.0,7.0,0.31420378800229054,0,0
3_p227_170_mic2.wav,464,347,366,485,320,293,441,177,374,406,228,161,8.0,-8.0,2.0,0.6743664144846743,0,0
38_p227_079_mic1.wav,453,430,420,491,376,338,359,234,352,358,298,215,31.0,8.0,-145.0,0.6112103335823259,0,0
38_chetvero_nischih_s000013_seg_0.wav,395,400,470,474,397,361,349,107,138,417,194,136,60.0,-16.0,6.0,0.0,0,0
7_p228_205_mic1.wav,382,353,421,472,398,342,351,187,275,367,202,142,12.0,17.0,1.0,0.7039309266701215,0,0
26_keraban_le_tetu_1_07_f000046_seg_0.wav,302,322,376,439,273,228,238,101,112,464,217,121,6.0,5.0,1.0,0.24714745439149632,0,0
12_p228_342_mic1.wav,435,382,432,443,383,317,314,108,121,473,259,125,0.0,-5.0,6.0,0.0,0,0
13_p228_271_mic2.wav,411,423,355,433,343,320,403,196,364,410,298,187,11.0,16.0,9.0,0.0,0,0
21_p228_309_mic2.wav,383,384,385,436,380,322,305,146,294,399,222,163,14.0,10.0,38.0,0.8494547246668466,0,0
20_p227_069_mic1.wav,417,407,453,478,411,359,356,148,261,417,215,159,11.0,23.0,4.0,0.242328485787783,0,0
13_p228_330_mic2.wav,419,398,351,476,396,349,379,191,333,353,224,174,8.0,-5.0,0.0,0.0,0,0
35_p227_048_mic2.wav,404,336,443,476,328,297,463,196,386,385,235,181,-84.0,24.0,4.0,0.0,0,0
36_p227_010_mic2.wav,416,349,342,438,373,337,349,171,384,396,261,176,-4.0,-39.0,10.0,0.659965691740913,0,0
28_galatea_01_barrili_f000008.wav,375,433,384,347,344,289,450,305,109,447,278,142,15.0,9.0,284.0,0.7563533865220936,0,0
22_p227_032_mic1.wav,371,368,438,471,372,343,346,181,372,386,262,180,114.0,21.0,4.0,0.28781149320964583,0,0
39_p227_061_mic2.wav,420,413,408,469,433,382,347,195,423,403,293,196,44.0,6.0,2.0,0.0,0,0
39_p227_151_mic2.wav,424,360,342,479,342,349,400,139,306,355,182,142,12.0,-5.0,6.0,0.8228659940077773,0,0
30_p228_210_mic1.wav,466,371,392,475,408,345,473,340,230,469,257,220,-77.0,-18.0,110.0,0.0,0,0
3_oblomov_s000011_seg_0.wav,419,430,449,477,413,371,336,267,371,343,219,193,9.0,-16.0,3.0,0.0,0,0
35_p227_071_mic1.wav,416,387,439,452,361,325,341,220,322,382,207,161,7.0,12.0,78.0,0.0,0,0
32_p227_050_mic1.wav,460,410,300,461,377,314,320,142,282,386,214,179,3.0,11.0,6.0,0.7361746325752282,0,0
7_oblomov_s000011_seg_0.wav,419,430,449,477,413,371,474,214,379,370,278,215,9.0,-18.0,3.0,0.5118437450030461,0,0
36_p228_220_mic2.wav,391,347,416,463,379,340,315,119,305,407,198,149,103.0,5.0,1.0,0.1099080457001802,0,0
11_p227_061_mic1.wav,449,459,466,470,424,386,347,177,345,423,240,176,76.0,-12.0,7.0,0.19811434948327267,0,0
28_p227_022_mic1.wav,395,428,458,468,409,379,205,101,105,461,227,123,0.0,-3.0,270.0,0.22828202060402758,0,0
0_p227_001_mic1.wav,419,325,396,438,359,320,445,209,397,405,316,212,14.0,-16.0,8.0,0.6736446668606616,0,0
1_p227_158_mic1.wav,388,351,376,445,319,301,442,231,373,341,261,218,2.0,26.0,0.0,0.3993104207108027,0,0
34_p227_168_mic1.wav,393,377,421,415,365,312,422,192,339,365,199,152,9.0,-10.0,4.0,0.25689145316320317,0,0
35_p227_145_mic1.wav,408,391,414,467,386,355,307,153,194,406,203,144,6.0,8.0,9.0,0.6561434417989767,0,0
10_p227_010_mic2.wav,416,349,342,438,373,337,402,246,335,377,262,199,17.0,-25.0,8.0,0.31948226997198403,0,0
7_p228_339_mic2.wav,461,363,379,485,401,352,298,166,298,364,185,158,7.0,-20.0,85.0,0.8456429736900699,0,0
29_p228_300_mic1.wav,449,297,398,469,398,356,264,152,319,369,180,143,16.0,21.0,5.0,0.05253772752965491,0,0
15_p227_020_mic2.wav,386,368,411,456,377,335,385,141,411,371,207,137,8.0,3.0,10.0,0.9149521892789391,0,0
18_p227_145_mic1.wav,408,391,414,467,386,355,322,192,320,399,224,195,125.0,-13.0,28.0,0.6625541417007581,0,0
29_p228_337_mic2.wav,451,341,335,472,384,311,313,122,268,354,203,169,7.0,-8.0,0.0,0.0,0,0
10_p227_158_mic1.wav,388,351,376,445,319,301,361,182,388,399,283,192,83.0,29.0,9.0,0.20053158799909576,0,0
21_p227_022_mic1.wav,395,428,458,468,409,379,342,117,298,357,192,145,14.0,17.0,8.0,0.36554885056662423,0,0
27_p227_177_mic2.wav,420,412,445,489,328,312,374,230,370,294,253,207,12.0,54.0,2.0,0.0,0,0
4_p227_165_mic1.wav,448,423,452,447,379,334,316,127,303,386,160,136,12.0,-7.0,9.0,0.5338011541065071,0,0
6_p228_205_mic1.wav,382,353,421,472,398,342,435,214,403,330,249,183,5.0,27.0,3.0,1.0,0,0
3_p228_369_mic2.wav,401,311,344,474,344,343,368,139,388,410,253,161,20.0,-1.0,8.0,0.623468994205342,0,0
24_p227_082_mic2.wav,405,372,381,421,347,310,210,101,105,463,228,123,6.0,-103.0,5.0,0.7909354691650278,0,0
27_p228_339_mic2.wav,461,363,379,485,401,352,322,188,290,387,199,170,14.0,-22.0,70.0,0.0,0,0
31_p227_020_mic2.wav,386,368,411,456,377,335,299,113,276,413,215,143,93.0,-7.0,121.0,0.8799600158648069,0,0
19_p227_168_mic1.wav,393,377,421,415,365,312,302,122,311,394,230,175,12.0,-115.0,20.0,0.0471714778408191,0,0
20_p228_269_mic1.wav,461,394,383,428,387,355,433,185,234,363,210,163,18.0,101.0,2.0,0.7603540577497312,0,0
8_p228_337_mic2.wav,451,341,335,472,384,311,420,213,349,412,258,177,20.0,-25.0,1.0,0.0,0,0
35_p228_244_mic2.wav,413,414,389,457,392,351,219,101,107,464,223,123,4.0,-5.0,3.0,0.344766624042921,0,0
12_p227_022_mic1.wav,395,428,458,468,409,379,397,187,361,376,262,182,19.0,28.0,2.0,0.47605128514452366,0,0
18_p227_165_mic1.wav,448,423,452,447,379,334,394,107,113,397,197,131,0.0,13.0,1.0,0.851535574006476,0,0
13_p228_316_mic1.wav,432,375,407,452,393,330,353,191,363,388,262,177,-12.0,-10.0,9.0,0.0,0,0
7_p227_158_mic1.wav,388,351,376,445,319,301,402,264,292,221,199,190,17.0,-23.0,43.0,0.5572051438687967,0,0
12_galatea_01_barrili_f000006.wav,390,429,391,383,350,304,446,217,379,317,246,186,18.0,-25.0,0.0,0.40069397713136046,0,0
35_p227_030_mic1.wav,438,441,434,471,404,358,335,241,374,330,206,166,5.0,7.0,1.0,0.0,0,0
16_p228_363_mic2.wav,458,348,356,466,378,340,349,171,384,396,261,176,20.0,-5.0,5.0,0.0,0,0
12_p228_194_mic2.wav,423,399,377,470,418,350,375,244,343,299,199,174,14.0,4.0,5.0,0.36811578430400216,0,0
5_p227_178_mic2.wav,422,393,380,470,354,329,288,211,315,352,190,151,12.0,-26.0,10.0,0.5976245815709645,0,0
5_p228_336_mic2.wav,415,395,326,428,339,324,351,233,367,300,173,154,5.0,3.0,7.0,0.6072784163629854,0,0
26_p227_083_mic1.wav,410,388,431,441,334,327,333,230,344,302,214,168,19.0,-27.0,4.0,0.34708188060590417,0,0
39_p227_123_mic1.wav,410,373,424,451,391,354,322,206,323,306,176,149,0.0,-11.0,4.0,0.2582245386943087,0,0
21_p227_169_mic1.wav,436,355,437,417,355,325,441,241,381,326,270,209,4.0,11.0,5.0,0.016707840030171672,0,0
19_p227_113_mic2.wav,363,432,405,465,373,347,447,342,159,469,196,162,17.0,117.0,2.0,0.0,0,0
19_p227_146_mic2.wav,407,439,402,463,363,334,437,217,364,364,238,187,15.0,-27.0,57.0,0.3082578791152446,0,0
38_p227_090_mic1.wav,414,451,410,449,357,318,333,169,280,402,210,138,146.0,-17.0,0.0,0.0,0,0
8_p227_069_mic1.wav,417,407,453,478,411,359,376,182,339,375,223,165,18.0,-6.0,6.0,0.0,0,0
33_p228_300_mic1.wav,449,297,398,469,398,356,334,257,343,377,235,179,43.0,0.0,3.0,0.6137178454341031,0,0
35_p228_336_mic2.wav,415,395,326,428,339,324,334,228,225,379,224,173,15.0,8.0,1.0,0.0,0,0
29_p228_228_mic2.wav,457,354,327,443,316,285,348,143,403,371,273,171,12.0,27.0,6.0,0.7876878462245195,0,0
12_p227_020_mic2.wav,386,368,411,456,377,335,327,137,304,386,192,170,124.0,19.0,2.0,0.9588641300845439,0,0
10_p227_177_mic2.wav,420,412,445,489,328,312,219,143,288,360,161,134,3.0,23.0,10.0,0.0,0,0
28_p227_054_mic1.wav,391,358,423,405,338,309,356,263,349,293,204,179,17.0,-19.0,2.0,0.0,0,0
0_p227_099_mic1.wav,395,398,423,461,371,348,414,155,407,434,279,166,1.0,9.0,1.0,0.7028375946125415,0,0
25_p228_309_mic2.wav,383,384,385,436,380,322,174,101,107,456,189,115,12.0,-17.0,9.0,0.0,0,0
31_p227_088_mic1.wav,464,396,441,485,440,414,307,197,282,335,179,142,29.0,24.0,0.0,0.0,0,0
37_p228_364_mic2.wav,425,326,368,406,331,303,248,101,114,459,209,120,12.0,-21.0,240.0,0.9745741866765256,0,0
27_galatea_01_barrili_f000006.wav,390,429,391,383,350,304,425,223,424,269,214,164,14.0,114.0,10.0,0.42457306201389167,0,0
21_p228_285_mic1.wav,456,336,390,473,406,358,303,148,276,350,223,204,13.0,-118.0,2.0,0.4311845740199036,0,0
12_chetvero_nischih_s000013_seg_0.wav,395,400,470,474,397,361,365,173,401,335,239,175,14.0,-6.0,9.0,0.9921967510551764,0,0
38_p228_285_mic1.wav,456,336,390,473,406,358,253,198,336,356,177,156,115.0,16.0,-76.0,0.2110559426025037,0,0
35_p227_118_mic2.wav,365,398,376,444,351,303,318,240,360,328,198,171,0.0,-1.0,33.0,1.0,0,0
19_p228_233_mic2.wav,361,350,378,400,309,280,359,162,373,389,221,147,12.0,13.0,3.0,0.17731271670916837,0,0
28_p227_079_mic1.wav,453,430,420,491,376,338,196,101,104,456,213,119,6.0,22.0,0.0,0.285633656956394,0,0
29_p227_030_mic1.wav,438,441,434,471,404,358,365,154,386,406,268,174,5.0,-115.0,5.0,0.9218143727949297,0,0
35_p228_309_mic2.wav,383,384,385,436,380,322,456,317,117,479,298,177,-98.0,23.0,223.0,0.07676114179193705,0,0
19_p227_089_mic2.wav,424,366,362,455,308,281,363,232,349,338,212,176,14.0,14.0,4.0,0.8917395937449722,0,0
23_p228_244_mic2.wav,413,414,389,457,392,351,324,159,238,356,184,131,10.0,6.0,4.0,0.0,0,0
29_p228_318_mic2.wav,434,429,379,487,353,307,429,255,378,307,222,185,-107.0,-12.0,10.0,0.0,0,0
32_p227_057_mic1.wav,458,372,409,441,342,313,210,101,105,463,228,123,8.0,-103.0,2.0,0.060435566907183325,0,0
8_p227_156_mic2.wav,381,395,381,439,320,307,210,101,105,463,229,123,1.0,26.0,5.0,0.9935183053342076,0,0
11_p227_118_mic2.wav,365,398,376,444,351,303,215,101,105,462,224,122,7.0,-13.0,9.0,0.0,0,0
4_p228_278_mic1.wav,438,342,389,461,383,334,462,259,386,363,271,211,15.0,-1.0,7.0,0.0,0,0
1_p228_288_mic2.wav,415,372,365,451,356,319,350,234,380,360,209,155,15.0,10.0,1.0,0.03156184267598816,0,0
36_p227_094_mic1.wav,416,400,429,426,383,357,210,101,105,463,228,123,4.0,-66.0,171.0,0.5656988044816953,0,0
11_p228_337_mic2.wav,451,341,335,472,384,311,400,219,378,369,286,207,15.0,-4.0,1.0,0.05668776531743647,0,0
15_p227_089_mic2.wav,424,366,362,455,308,281,285,249,294,358,181,160,8.0,-18.0,-60.0,0.0,0,0
16_p227_113_mic2.wav,363,432,405,465,373,347,401,242,423,296,244,190,18.0,-27.0,5.0,1.0,0,0
5_p227_181_mic1.wav,466,413,404,459,381,350,274,218,331,354,185,149,123.0,-8.0,7.0,0.9175776149791296,0,0
21_p227_036_mic2.wav,446,367,383,467,383,349,293,103,141,465,247,127,13.0,24.0,6.0,0.6632141184004133,0,0
34_p227_054_mic1.wav,391,358,423,405,338,309,281,208,289,344,215,185,347.0,24.0,4.0,0.0,0,0
10_p227_151_mic2.wav,424,360,342,479,342,349,419,203,393,365,251,172,28.0,-30.0,7.0,0.0,0,0
14_p227_072_mic1.wav,413,400,410,462,356,328,297,116,161,444,263,138,3.0,-99.0,3.0,0.1427373286076662,0,0
20_p228_300_mic1.wav,449,297,398,469,398,356,446,311,293,424,234,200,1.0,17.0,79.0,0.48421639316240395,0,0
12_p227_032_mic1.wav,371,368,438,471,372,343,430,236,109,442,244,128,10.0,0.0,6.0,0.0,0,0
13_p227_113_mic2.wav,363,432,405,465,373,347,371,191,314,372,181,149,8.0,28.0,7.0,0.6878617167451363,0,0
6_p228_285_mic1.wav,456,336,390,473,406,358,451,175,401,414,249,173,1.0,-8.0,3.0,0.5115903377543823,0,0
21_p227_082_mic2.wav,405,372,381,421,347,310,210,101,105,463,228,123,6.0,-103.0,5.0,0.7909354691650278,0,0
1_p227_123_mic1.wav,410,373,424,451,391,354,301,232,306,348,193,168,2.0,2.0,0.0,0.9034542543573894,0,0
18_p227_080_mic1.wav,379,369,372,403,332,300,314,146,295,359,184,152,14.0,-25.0,69.0,0.9123442719703688,0,0
26_p227_080_mic1.wav,379,369,372,403,332,300,375,185,364,384,168,135,10.0,-26.0,7.0,0.3619154050288452,0,0
21_keraban_le_tetu_1_07_f000046_seg_0.wav,302,322,376,439,273,228,412,231,356,367,283,220,64.0,1.0,23.0,0.45273698655746264,0,0
21_p227_113_mic2.wav,363,432,405,465,373,347,247,101,116,458,221,123,17.0,29.0,275.0,0.0,0,0
27_p227_169_mic2.wav,407,331,334,461,301,296,319,226,268,348,220,151,6.0,13.0,6.0,0.0,0,0
18_p227_177_mic2.wav,420,412,445,489,328,312,370,161,384,409,267,176,7.0,-107.0,0.0,0.2451263886497459,0,0
21_p227_107_mic1.wav,448,408,462,416,392,360,344,259,377,361,248,196,86.0,21.0,6.0,0.0,0,0
13_p228_260_mic1.wav,458,369,437,488,447,377,398,234,337,355,217,179,6.0,4.0,0.0,0.0,0,0
13_p227_178_mic2.wav,422,393,380,470,354,329,413,186,409,286,195,150,0.0,-1.0,7.0,0.8922887780554506,0,0
15_p228_263_mic1.wav,415,344,413,473,383,338,361,214,349,382,246,181,68.0,-13.0,0.0,0.69216408339713,0,0
18_p228_244_mic2.wav,413,414,389,457,392,351,309,170,384,369,173,145,20.0,24.0,-18.5,0.7897471166286024,0,0
30_p227_054_mic1.wav,391,358,423,405,338,309,466,322,197,428,217,180,-90.0,51.0,7.0,0.6571944979630479,0,0
0_p228_279_mic2.wav,440,345,377,472,355,315,333,139,347,354,218,145,18.0,-22.0,6.0,0.09891818970921695,0,0
13_p227_032_mic1.wav,371,368,438,471,372,343,430,219,397,382,249,183,10.0,-14.0,8.0,0.5249839114764306,0,0
36_p227_165_mic1.wav,448,423,452,447,379,334,301,156,166,327,147,134,16.0,24.0,1.0,0.0,0,0
15_p228_279_mic2.wav,440,345,377,472,355,315,193,101,103,456,208,118,9.0,0.0,10.0,0.8543840266088064,0,0
19_p228_316_mic1.wav,432,375,407,452,393,330,374,254,415,313,248,190,62.0,12.0,5.0,0.29678099220985055,0,0
34_p228_369_mic2.wav,401,311,344,474,344,343,369,158,390,408,273,176,-62.5,-25.0,-154.0,0.0,0,0
12_p227_094_mic1.wav,416,400,429,426,383,357,217,101,106,464,228,123,3.0,-66.0,7.0,0.0472793602097944,0,0
19_keraban_le_tetu_1_07_f000046_seg_0.wav,302,322,376,439,273,228,332,141,286,330,231,185,0.0,-18.0,6.0,0.6367043063707308,0,0
36_p227_113_mic2.wav,363,432,405,465,373,347,388,191,346,418,234,157,18.0,28.0,7.0,0.0,0,0
0_p227_074_mic1.wav,476,433,411,469,389,358,466,327,371,222,220,227,17.0,-29.0,0.0,0.8927495680930998,0,0
7_p228_348_mic2.wav,447,383,344,480,345,313,315,124,255,402,195,162,0.0,-48.0,2.0,0.8137057966123311,0,0
10_p227_103_mic2.wav,436,399,392,452,332,309,314,143,280,392,204,153,8.0,27.0,-84.0,0.9069185550960301,0,0
17_p228_330_mic2.wav,419,398,351,476,396,349,353,210,359,347,180,149,6.0,-49.0,3.0,0.0,0,0
37_p227_158_mic1.wav,388,351,376,445,319,301,359,118,424,366,192,127,1.0,-158.0,-92.0,0.09928702366964204,0,0
24_p228_260_mic1.wav,458,369,437,488,447,377,348,143,403,371,273,171,5.0,-57.0,5.0,0.051903562390297586,0,0
20_p227_181_mic1.wav,466,413,404,459,381,350,444,230,284,408,191,165,18.0,-18.0,0.0,0.8971134028714606,0,0
6_p227_010_mic2.wav,416,349,342,438,373,337,465,211,371,353,198,152,15.0,-26.0,9.0,0.3935014022969213,0,0
22_p228_300_mic1.wav,449,297,398,469,398,356,404,189,320,336,213,159,16.0,53.0,6.0,0.8118397241325279,0,0
5_p227_107_mic1.wav,448,408,462,416,392,360,411,142,409,424,274,164,18.0,-21.0,1.0,0.9247072786303177,0,0
36_p227_151_mic2.wav,424,360,342,479,342,349,333,107,153,372,157,117,9.0,-28.0,9.0,0.30599190722520775,0,0
0_p227_030_mic1.wav,438,441,434,471,404,358,335,238,353,343,231,200,5.0,19.0,2.0,0.5288534921720983,0,0
4_p228_345_mic1.wav,479,368,420,485,397,356,465,251,351,357,279,235,8.0,21.0,9.0,0.40083495527832114,0,0
37_chetvero_nischih_s000013_seg_0.wav,395,400,470,474,397,361,414,113,267,347,218,146,38.0,-202.0,0.0,0.0,0,0
35_p228_285_mic1.wav,456,336,390,473,406,358,343,184,367,382,262,178,114.0,-76.0,0.0,0.0,0,0
32_p227_096_mic1.wav,387,376,432,428,343,305,331,255,335,257,202,160,159.0,-27.0,-46.0,1.0,0,0
33_p227_156_mic2.wav,381,395,381,439,320,307,305,191,234,391,195,155,1.0,60.0,122.0,0.7678548058517949,0,0
33_p227_061_mic2.wav,420,413,408,469,433,382,453,300,301,412,225,206,14.0,26.0,82.0,0.0,0,0
0_p227_123_mic1.wav,410,373,424,451,391,354,436,264,392,349,281,208,16.0,75.0,10.0,0.8079261767793096,0,0
16_p227_168_mic1.wav,393,377,421,415,365,312,373,251,352,293,228,182,66.0,3.0,3.0,0.5912357661586589,0,0
4_p227_096_mic1.wav,387,376,432,428,343,305,323,232,363,331,176,147,16.0,-30.0,2.0,0.0,0,0
38_p227_170_mic2.wav,464,347,366,485,320,293,332,242,386,320,273,203,139.0,0.0,-85.0,1.0,0,0
34_oblomov_s000011_seg_0.wav,419,430,449,477,413,371,352,156,378,392,263,166,48.0,-21.0,5.0,0.8895321807015063,0,0
13_p227_123_mic1.wav,410,373,424,451,391,354,310,214,295,367,197,150,10.0,6.0,1.0,0.3608626869560657,0,0
34_p227_057_mic1.wav,458,372,409,441,342,313,242,101,109,457,222,122,244.0,-103.0,4.0,0.0,0,0
18_p227_096_mic1.wav,387,376,432,428,343,305,274,155,276,357,180,149,5.0,-365.0,3.0,0.17338851615971596,0,0
24_p228_369_mic2.wav,401,311,344,474,344,343,369,250,251,391,204,186,-62.5,-3.0,7.0,0.0,0,0
36_p228_369_mic2.wav,401,311,344,474,344,343,321,250,366,349,215,173,126.0,-3.0,1.0,0.0,0,0
39_p227_074_mic1.wav,476,433,411,469,389,358,213,101,106,463,228,123,0.0,-220.0,286.0,0.0,0,0
38_p227_088_mic1.wav,464,396,441,485,440,414,389,109,185,439,229,155,11.0,-143.0,3.0,0.0,0,0
3_p227_138_mic2.wav,433,401,388,488,359,346,340,207,258,372,223,169,1.0,-9.0,2.0,0.6607563515611561,0,0
21_p227_061_mic2.wav,420,413,408,469,433,382,210,101,105,463,228,123,12.0,-106.0,8.0,0.13835755012205853,0,0
1_galatea_01_barrili_f000006.wav,390,429,391,383,350,304,375,163,404,387,246,161,14.0,0.0,3.0,0.41929296855482767,0,0
17_chetvero_nischih_s000013_seg_0.wav,395,400,470,474,397,361,314,142,307,373,207,177,12.0,-29.0,5.0,0.0,0,0
1_p228_369_mic2.wav,401,311,344,474,344,343,434,293,350,323,225,191,15.0,25.0,4.0,0.7669494203026254,0,0
7_p227_169_mic1.wav,436,355,437,417,355,325,407,292,421,325,284,231,11.0,3.0,5.0,0.010788287910443395,0,0
7_p228_209_mic1.wav,447,354,379,467,390,330,360,186,389,400,282,193,20.0,-22.0,5.0,0.7663931042231181,0,0
21_p227_099_mic1.wav,395,398,423,461,371,348,370,161,384,409,267,176,2.0,-7.0,4.0,0.0,0,0
20_p228_365_mic2.wav,438,375,407,450,392,342,230,101,111,465,223,121,10.0,10.0,5.0,0.8464372405605279,0,0
26_p228_269_mic1.wav,461,394,383,428,387,355,210,101,105,463,228,123,9.0,-217.0,8.0,0.0,0,0
21_p228_339_mic2.wav,461,363,379,485,401,352,428,172,480,341,274,173,18.0,-3.0,8.0,0.8306348064370882,0,0
1_p228_285_mic1.wav,456,336,390,473,406,358,325,273,352,313,224,184,18.0,-24.0,0.0,0.812438257671835,0,0
37_p227_146_mic2.wav,407,439,402,463,363,334,412,182,366,398,247,176,13.0,-58.0,3.0,0.0,0,0
3_p227_156_mic2.wav,381,395,381,439,320,307,439,258,382,323,193,159,1.0,5.0,8.0,0.24135607601708997,0,0
4_p228_271_mic2.wav,411,423,355,433,343,320,458,183,223,409,226,179,-38.0,-9.0,10.0,0.9265480033661871,0,0
22_p227_082_mic2.wav,405,372,381,421,347,310,353,191,363,388,262,177,18.0,-27.0,-67.0,0.0,0,0
24_p228_345_mic1.wav,479,368,420,485,397,356,371,197,267,423,222,170,9.0,-50.0,104.0,0.4752073290071982,0,0
34_p228_339_mic2.wav,461,363,379,485,401,352,323,134,291,361,177,141,15.0,-192.0,4.0,1.0,0,0
38_p227_048_mic2.wav,404,336,443,476,328,297,210,101,105,463,228,123,13.0,-22.0,2.0,0.0,0,0
9_p228_260_mic1.wav,458,369,437,488,447,377,312,258,329,315,191,170,12.0,30.0,1.0,0.1305712627769512,0,0
20_p227_088_mic1.wav,464,396,441,485,440,414,215,101,110,451,210,120,120.0,-168.0,7.0,0.3301245178874057,0,0
16_p228_316_mic1.wav,432,375,407,452,393,330,377,229,371,320,240,180,17.0,-18.0,0.0,0.0,0,0
39_p227_062_mic2.wav,433,402,462,482,343,331,343,235,444,350,204,153,5.0,17.0,8.0,0.0,0,0
8_p227_089_mic2.wav,424,366,362,455,308,281,433,205,383,374,276,199,1.0,12.0,7.0,0.0,0,0
29_p228_260_mic1.wav,458,369,437,488,447,377,321,104,313,402,139,123,16.0,-88.0,-73.0,0.0,0,0
28_p227_082_mic2.wav,405,372,381,421,347,310,208,101,105,462,227,123,12.0,-103.0,5.0,0.18564603277256164,0,0
11_p227_042_mic1.wav,380,415,395,404,364,342,321,232,352,328,205,170,20.0,6.0,23.0,0.016992960863172923,0,0
33_p228_309_mic2.wav,383,384,385,436,380,322,311,165,256,322,188,166,5.0,-26.0,8.0,0.08405331958829365,0,0
15_p228_209_mic1.wav,447,354,379,467,390,330,328,163,269,390,203,165,2.0,-23.0,6.0,0.14874436663179957,0,0
13_p227_001_mic1.wav,419,325,396,438,359,320,479,180,276,330,233,170,5.0,-6.0,1.0,0.6738060305330335,0,0
17_p228_288_mic2.wav,415,372,365,451,356,319,338,231,361,305,268,199,16.0,-6.0,1.0,1.0,0,0
3_p228_338_mic2.wav,403,368,413,446,371,332,325,204,275,395,212,186,132.0,-28.0,6.0,0.6266172150406142,0,0
5_p228_348_mic2.wav,447,383,344,480,345,313,345,167,302,351,187,166,19.0,26.0,1.0,0.0,0,0
13_p228_194_mic2.wav,423,399,377,470,418,350,276,155,329,339,244,153,98.0,27.0,52.0,0.30946766333936315,0,0
30_p228_336_mic2.wav,415,395,326,428,339,324,354,227,369,348,186,149,-22.0,29.0,10.0,0.0,0,0
24_p227_001_mic1.wav,419,325,396,438,359,320,316,200,183,336,187,146,3.0,15.0,10.0,0.6768018200659327,0,0
22_p227_042_mic1.wav,380,415,395,404,364,342,397,231,357,347,201,159,16.0,-5.0,8.0,0.2526655996862568,0,0
10_p227_168_mic1.wav,393,377,421,415,365,312,366,166,363,394,263,166,6.0,-92.0,2.0,0.0471714778408191,0,0
33_p227_145_mic1.wav,408,391,414,467,386,355,312,176,266,373,195,151,10.0,-53.0,89.0,0.0,0,0
4_p228_209_mic2.wav,435,413,370,438,406,340,301,174,248,383,177,148,8.0,-30.0,7.0,0.0710478170824137,0,0
33_p228_289_mic2.wav,469,391,391,469,377,358,348,190,154,367,188,138,12.0,14.0,4.0,0.0,0,0
4_galatea_01_barrili_f000008.wav,375,433,384,347,344,289,328,196,337,273,240,183,20.0,-4.0,3.0,0.6493332968871144,0,0
28_p227_090_mic1.wav,414,451,410,449,357,318,393,252,186,325,185,154,0.0,8.0,199.0,0.6740936292202833,0,0
6_p227_113_mic2.wav,363,432,405,465,373,347,401,167,391,399,284,183,18.0,4.0,-61.0,0.7216704925298006,0,0
0_p228_275_mic1.wav,412,368,382,431,377,338,347,227,349,290,216,173,7.0,-13.0,5.0,0.03367197394881116,0,0
12_p227_010_mic2.wav,416,349,342,438,373,337,316,154,305,372,164,135,9.0,9.0,10.0,0.6542461607609755,0,0
31_p228_334_mic1.wav,358,398,425,444,373,339,331,155,273,416,189,170,13.0,9.0,1.0,0.0,0,0
25_p227_146_mic2.wav,407,439,402,463,363,334,210,101,105,463,228,123,13.0,-1.0,0.0,0.0,0,0
27_p227_138_mic2.wav,433,401,388,488,359,346,320,216,355,364,230,206,5.0,-22.0,10.0,0.0,0,0
19_p228_279_mic2.wav,440,345,377,472,355,315,394,236,376,298,200,170,1.0,-11.0,10.0,0.9986214101489281,0,0
33_p227_022_mic1.wav,395,428,458,468,409,379,397,274,309,347,236,192,19.0,8.0,1.0,0.0,0,0
3_p227_126_mic2.wav,464,301,364,479,316,272,444,242,361,295,190,155,6.0,-13.0,9.0,0.19917843280094505,0,0
2_p227_036_mic2.wav,446,367,383,467,383,349,461,127,338,391,262,140,8.0,-12.0,8.0,0.5513839859105258,0,0
26_p227_168_mic1.wav,393,377,421,415,365,312,301,307,311,355,217,188,16.0,361.0,20.0,0.910968489006428,0,0
38_p227_169_mic1.wav,436,355,437,417,355,325,241,101,113,459,225,122,16.0,-37.0,269.0,0.0,0,0
35_p227_050_mic1.wav,460,410,300,461,377,314,316,150,304,398,209,168,20.0,-72.0,10.0,0.0,0,0
25_p227_118_mic2.wav,365,398,376,444,351,303,389,271,384,310,216,184,2.0,28.0,7.0,1.0,0,0
13_p228_228_mic2.wav,457,354,327,443,316,285,493,144,295,379,297,181,20.0,-18.0,5.0,0.1211179495012823,0,0
12_p228_271_mic2.wav,411,423,355,433,343,320,202,101,105,462,227,123,144.0,-30.0,5.0,0.0,0,0
3_p227_022_mic1.wav,395,428,458,468,409,379,451,185,428,383,309,212,10.0,5.0,2.0,0.9405174639230269,0,0
37_galatea_01_barrili_f000008.wav,375,433,384,347,344,289,470,366,197,367,251,195,13.0,6.0,356.0,0.060275207624999716,0,0
14_p227_169_mic1.wav,436,355,437,417,355,325,357,216,353,272,216,165,4.0,-23.0,3.0,0.4572036639168079,0,0
34_p228_336_mic2.wav,415,395,326,428,339,324,409,137,299,389,183,152,-117.0,13.0,9.0,0.0,0,0
38_p227_057_mic1.wav,458,372,409,441,342,313,307,168,271,398,175,157,41.0,-22.0,9.0,0.0,0,0
24_p228_348_mic2.wav,447,383,344,480,345,313,224,101,110,456,214,120,19.0,-198.0,2.0,0.0,0,0
3_p227_036_mic2.wav,446,367,383,467,383,349,210,101,105,463,228,123,20.0,-13.0,8.0,0.699789842675063,0,0
4_p228_363_mic2.wav,458,348,356,466,378,340,284,119,385,391,147,125,2.0,15.0,2.0,0.13155583596138265,0,0
38_p228_318_mic2.wav,434,429,379,487,353,307,368,157,385,411,272,175,49.5,46.0,-16.0,0.08794506719435946,0,0
15_p227_042_mic1.wav,380,415,395,404,364,342,348,257,398,329,261,198,19.0,11.0,7.0,0.7424772409075727,0,0
5_keraban_le_tetu_1_07_f000046_seg_0.wav,302,322,376,439,273,228,222,101,109,459,215,120,8.0,5.0,4.0,0.02407780222761957,0,0
15_p227_181_mic1.wav,466,413,404,459,381,350,444,279,337,188,171,159,18.0,-30.0,4.0,1.0,0,0
0_p228_364_mic2.wav,425,326,368,406,331,303,349,165,395,385,224,144,14.0,-17.0,5.0,0.5360595460019882,0,0
16_p228_205_mic1.wav,382,353,421,472,398,342,307,168,321,352,169,158,16.0,27.0,74.0,0.2859697101711829,0,0
38_p227_030_mic1.wav,438,441,434,471,404,358,315,120,270,411,233,173,90.0,-1.0,4.0,0.0,0,0
37_p228_206_mic1.wav,433,305,387,481,405,355,397,200,353,403,266,181,3.0,19.0,-23.0,0.1773743065960004,0,0
6_p227_151_mic2.wav,424,360,342,479,342,349,329,150,203,348,192,145,9.0,3.0,1.0,0.31605542579591783,0,0
5_p227_123_mic2.wav,424,396,362,473,338,327,301,198,264,306,168,135,0.0,20.0,5.0,0.024513905278859438,0,0
4_p227_050_mic1.wav,460,410,300,461,377,314,330,247,281,364,212,155,6.0,-19.0,9.0,1.0,0,0
6_p227_054_mic1.wav,391,358,423,405,338,309,300,229,288,390,205,159,8.0,-19.0,2.0,0.9066100875363158,0,0
24_p228_364_mic2.wav,425,326,368,406,331,303,461,142,334,368,270,154,-105.0,-10.0,2.0,0.7336482532108607,0,0
27_p228_206_mic1.wav,433,305,387,481,405,355,368,140,460,388,240,147,17.0,30.0,6.0,0.0,0,0
27_p227_074_mic1.wav,476,433,411,469,389,358,408,224,369,349,244,194,11.0,-7.0,3.0,0.0,0,0
37_p228_336_mic2.wav,415,395,326,428,339,324,337,209,308,337,196,152,1.0,-64.0,2.0,0.1590366509216381,0,0
1_p227_126_mic2.wav,464,301,364,479,316,272,357,269,368,318,212,171,13.0,16.0,7.0,0.6962156483493471,0,0
17_p227_107_mic1.wav,448,408,462,416,392,360,415,267,229,327,228,176,18.0,5.0,9.0,0.822484829738017,0,0
20_p227_050_mic1.wav,460,410,300,461,377,314,288,158,230,362,161,139,0.0,5.0,201.0,0.7196704584214276,0,0
22_p228_345_mic1.wav,479,368,420,485,397,356,305,227,279,293,222,180,168.0,45.0,116.0,1.0,0,0
31_p227_072_mic1.wav,413,400,410,462,356,328,363,159,388,409,268,169,4.0,-24.0,8.0,0.0,0,0
35_p227_061_mic1.wav,449,459,466,470,424,386,395,246,365,335,240,181,-271.0,8.0,9.0,0.0,0,0
8_p227_126_mic2.wav,464,301,364,479,316,272,210,101,105,463,229,123,10.0,-1.0,0.0,0.2579706199981945,0,0
9_p227_123_mic2.wav,424,396,362,473,338,327,309,113,216,361,195,174,2.0,-1.0,9.0,0.0,0,0
13_p228_342_mic1.wav,435,382,432,443,383,317,349,163,253,429,204,158,3.0,-14.0,0.0,0.0,0,0
18_p228_316_mic1.wav,432,375,407,452,393,330,380,218,457,274,274,197,-63.0,-17.0,4.0,0.0,0,0
15_p228_194_mic2.wav,423,399,377,470,418,350,295,151,275,380,207,167,2.0,7.0,16.0,0.9133045260892271,0,0
38_p227_072_mic1.wav,413,400,410,462,356,328,327,149,277,329,211,161,7.0,-31.0,9.0,0.0,0,0
23_keraban_le_tetu_1_07_f000046_seg_0.wav,302,322,376,439,273,228,291,240,350,251,210,173,17.0,0.0,-12.0,0.02767968161476475,0,0
10_p227_061_mic1.wav,449,459,466,470,424,386,353,174,386,398,273,183,3.0,-9.0,-18.0,0.7506431992254202,0,0
6_p228_316_mic1.wav,432,375,407,452,393,330,347,275,389,330,216,178,14.0,13.0,7.0,0.9198294364701134,0,0
9_p228_337_mic2.wav,451,341,335,472,384,311,412,245,301,336,221,190,1.0,-8.0,1.0,0.5123636749750176,0,0
37_p227_103_mic2.wav,436,399,392,452,332,309,210,101,105,463,228,123,14.0,-88.0,6.0,0.0,0,0
21_p228_194_mic2.wav,423,399,377,470,418,350,343,184,367,382,262,178,9.0,-55.0,8.0,0.9708581955558667,0,0
31_p227_036_mic2.wav,446,367,383,467,383,349,326,204,305,355,200,167,12.0,15.0,-136.0,0.0,0,0
23_p228_285_mic1.wav,456,336,390,473,406,358,210,101,105,463,228,123,4.0,-22.0,6.0,0.1938124022216674,0,0
26_p228_289_mic2.wav,469,391,391,469,377,358,350,158,373,393,264,167,-27.0,-80.0,0.0,0.9651695550149492,0,0
37_p227_080_mic1.wav,379,369,372,403,332,300,234,101,112,464,224,124,8.0,0.0,3.0,0.05414000601047242,0,0
7_p227_030_mic1.wav,438,441,434,471,404,358,443,231,352,394,240,182,19.0,-1.0,6.0,0.7628102294859784,0,0
1_galatea_01_barrili_f000013.wav,385,464,404,418,310,267,272,212,334,360,186,160,2.0,-8.0,7.0,0.22359738894372505,0,0
25_p228_338_mic2.wav,403,368,413,446,371,332,410,248,201,451,224,178,20.0,-63.0,3.0,0.12202687458580685,0,0
27_p227_001_mic1.wav,419,325,396,438,359,320,363,301,378,309,303,225,92.0,26.0,8.0,1.0,0,0
25_p227_080_mic1.wav,379,369,372,403,332,300,320,183,101,484,347,133,38.0,24.0,0.0,0.22389900156624298,0,0
29_p227_073_mic2.wav,421,257,364,485,303,312,323,230,344,306,257,193,19.0,30.0,2.0,0.0018329245658539328,0,0
3_p228_289_mic2.wav,469,391,391,469,377,358,418,232,371,382,270,215,15.0,20.0,8.0,0.7021535717425432,0,0
5_galatea_01_barrili_f000006.wav,390,429,391,383,350,304,388,213,400,262,245,174,1.0,-24.0,3.0,0.5931899280693131,0,0
28_p227_099_mic1.wav,395,398,423,461,371,348,290,112,256,429,192,130,143.0,-59.0,8.0,0.0,0,0
14_p228_228_mic2.wav,457,354,327,443,316,285,299,164,267,372,189,154,1.0,-7.0,7.0,0.82419332652849,0,0
16_galatea_01_barrili_f000008.wav,375,433,384,347,344,289,399,134,377,406,254,153,0.0,11.0,5.0,0.8262572980609845,0,0
5_p228_345_mic1.wav,479,368,420,485,397,356,467,205,394,382,256,187,4.0,-1.0,10.0,0.9526881500757489,0,0
29_p227_080_mic1.wav,379,369,372,403,332,300,372,148,275,358,186,131,10.0,26.0,47.0,0.3411390759384576,0,0
27_p228_316_mic1.wav,432,375,407,452,393,330,189,101,105,456,207,118,10.0,10.0,318.0,0.0,0,0
25_p228_278_mic1.wav,438,342,389,461,383,334,470,315,210,451,237,177,-87.0,-20.0,5.0,0.0,0,0
7_p228_279_mic2.wav,440,345,377,472,355,315,391,139,436,403,251,159,7.0,-22.0,3.0,0.5127494051581953,0,0
34_p227_025_mic2.wav,421,313,386,491,349,344,426,231,389,298,230,175,0.0,-20.0,11.0,0.4667397187251682,0,0
1_p227_071_mic1.wav,416,387,439,452,361,325,380,160,399,396,238,158,1.0,-17.0,0.0,0.6118832977118724,0,0
7_chetvero_nischih_s000004_seg_0.wav,457,336,443,480,421,387,231,101,109,458,212,119,14.0,-22.0,7.0,0.8442913743843539,0,0
14_p227_170_mic2.wav,464,347,366,485,320,293,365,152,379,380,195,155,19.0,6.0,7.0,0.4778712812246707,0,0
34_p227_123_mic2.wav,424,396,362,473,338,327,326,237,281,355,283,221,124.0,48.0,45.0,1.0,0,0
21_p228_220_mic2.wav,391,347,416,463,379,340,388,258,353,299,216,189,-75.0,-6.0,1.0,0.04978103156551705,0,0
6_p227_089_mic2.wav,424,366,362,455,308,281,283,102,123,467,236,122,185.0,9.0,6.0,0.13844331362386741,0,0
2_p228_194_mic2.wav,423,399,377,470,418,350,410,170,399,374,231,156,9.0,30.0,1.0,0.3542150033917262,0,0
11_p227_138_mic2.wav,433,401,388,488,359,346,372,248,372,377,237,176,12.0,28.0,2.0,0.5324265359368452,0,0
3_p227_177_mic2.wav,420,412,445,489,328,312,447,280,367,363,253,206,21.0,3.0,10.0,0.5552772029836925,0,0
10_p228_318_mic2.wav,434,429,379,487,353,307,454,253,386,261,256,203,10.0,39.0,3.0,1.0,0,0
28_p228_244_mic2.wav,413,414,389,457,392,351,304,178,318,377,201,179,5.0,152.0,-137.0,0.06858173643278154,0,0
21_p227_151_mic2.wav,424,360,342,479,342,349,348,173,360,399,269,167,11.0,-5.0,0.0,0.0,0,0
6_p227_061_mic1.wav,449,459,466,470,424,386,307,256,344,373,211,168,17.0,18.0,-66.0,0.6855497294066919,0,0
27_p227_165_mic1.wav,448,423,452,447,379,334,343,140,321,392,195,151,14.0,15.0,4.0,0.29529790204247575,0,0
32_p227_030_mic1.wav,438,441,434,471,404,358,210,101,105,463,228,123,18.0,24.0,9.0,0.0,0,0
6_p227_090_mic1.wav,414,451,410,449,357,318,405,195,309,250,196,167,2.0,9.0,33.0,0.6885295047310007,0,0
36_p227_050_mic1.wav,460,410,300,461,377,314,288,157,249,359,189,139,0.0,-20.0,7.0,0.0,0,0
13_p227_138_mic2.wav,433,401,388,488,359,346,431,249,362,284,265,208,9.0,-24.0,0.0,1.0,0,0
30_p227_072_mic1.wav,413,400,410,462,356,328,381,157,473,401,220,149,0.0,-24.0,9.0,0.06275146651329888,0,0
3_p227_082_mic2.wav,405,372,381,421,347,310,392,123,401,410,211,132,4.0,19.0,0.0,0.6782306806176821,0,0
19_p228_288_mic2.wav,415,372,365,451,356,319,213,100,112,461,218,122,286.0,-108.0,6.0,0.23041934628107996,0,0
10_p227_088_mic1.wav,464,396,441,485,440,414,425,192,326,355,203,162,20.0,3.0,10.0,0.0,0,0
20_p227_123_mic2.wav,424,396,362,473,338,327,313,180,268,390,186,146,160.0,-14.0,8.0,0.0,0,0
10_p227_061_mic2.wav,420,413,408,469,433,382,296,113,397,392,151,124,64.0,17.0,0.0,0.3761668059210671,0,0
27_p227_169_mic1.wav,436,355,437,417,355,325,360,186,389,400,282,193,8.0,19.0,5.0,0.22863182096349122,0,0
24_keraban_le_tetu_1_05_f000019_seg_0.wav,371,352,357,422,292,255,422,190,394,388,241,181,2.0,-6.0,0.0,0.335754504219667,0,0
0_keraban_le_tetu_1_07_f000046_seg_0.wav,302,322,376,439,273,228,425,182,408,399,280,193,1.0,-11.0,9.0,0.9903542737765755,0,0
1_p228_220_mic2.wav,391,347,416,463,379,340,439,129,382,448,241,146,9.0,0.0,6.0,0.5193899463032194,0,0
19_p227_057_mic1.wav,458,372,409,441,342,313,211,101,105,463,229,122,2.0,-103.0,2.0,0.060435566907183325,0,0
6_p228_342_mic1.wav,435,382,432,443,383,317,451,215,382,345,253,196,14.0,-9.0,3.0,0.5602799597099712,0,0
23_p227_061_mic2.wav,420,413,408,469,433,382,466,208,320,404,289,208,-114.0,-28.0,68.0,0.0,0,0
1_p228_228_mic2.wav,457,354,327,443,316,285,446,244,388,311,248,216,13.0,-16.0,6.0,0.2810828443141554,0,0
39_p227_126_mic2.wav,464,301,364,479,316,272,328,160,273,377,220,171,5.0,17.0,5.0,0.0,0,0
30_p227_145_mic1.wav,408,391,414,467,386,355,209,101,105,463,228,123,3.0,-136.0,2.0,0.0,0,0
13_p227_103_mic2.wav,436,399,392,452,332,309,360,186,389,400,282,193,8.0,6.0,9.0,0.5756892823941614,0,0
3_p227_169_mic1.wav,436,355,437,417,355,325,289,225,306,387,201,161,18.0,24.0,2.0,0.6822372186101151,0,0
38_p228_338_mic2.wav,403,368,413,446,371,332,396,197,350,405,256,175,-58.0,-50.0,29.0,0.0,0,0
12_p228_209_mic2.wav,435,413,370,438,406,340,296,230,281,378,211,164,7.0,-18.0,8.0,0.4176071545575938,0,0
3_p228_348_mic2.wav,447,383,344,480,345,313,404,216,375,408,263,189,11.0,-4.0,0.0,0.5543027369953843,0,0
11_p227_083_mic1.wav,410,388,431,441,334,327,466,204,417,347,243,171,7.0,-8.0,5.0,0.13918852213966315,0,0
17_keraban_le_tetu_1_07_f000046_seg_0.wav,302,322,376,439,273,228,363,131,383,357,243,144,14.0,22.0,5.0,0.46799968240645395,0,0
16_p228_260_mic1.wav,458,369,437,488,447,377,353,174,386,398,273,183,2.0,30.0,30.0,0.0,0,0
32_p228_300_mic1.wav,449,297,398,469,398,356,368,259,355,351,206,179,1.0,-26.0,7.0,0.0,0,0
10_p227_020_mic2.wav,386,368,411,456,377,335,359,228,465,321,260,199,19.0,-62.0,1.0,0.2645877703396765,0,0
31_p227_178_mic2.wav,422,393,380,470,354,329,323,223,320,334,204,169,135.0,0.0,8.0,0.0,0,0
25_imalavoglia_00_verga_f000005.wav,416,377,366,425,335,298,423,223,396,398,301,224,12.0,1.0,0.0,0.6142429838233269,0,0
0_p228_278_mic1.wav,438,342,389,461,383,334,416,239,357,317,206,177,14.0,26.0,3.0,0.6364246769171422,0,0
16_p228_285_mic1.wav,456,336,390,473,406,358,355,180,364,389,267,170,17.0,-15.0,-7.0,0.7498844561804786,0,0
37_p227_168_mic1.wav,393,377,421,415,365,312,346,246,364,311,238,186,2.0,156.0,9.0,0.5719415986122544,0,0
36_chetvero_nischih_s000013_seg_0.wav,395,400,470,474,397,361,420,217,368,416,281,192,68.0,96.0,9.0,0.0,0,0
26_p228_363_mic2.wav,458,348,356,466,378,340,330,186,257,385,207,158,13.0,14.0,-28.0,0.0,0,0
15_p227_168_mic1.wav,393,377,421,415,365,312,363,254,373,326,240,185,18.0,167.0,-20.0,0.5625595209610312,0,0
22_p228_233_mic2.wav,361,350,378,400,309,280,396,205,350,407,260,177,57.0,2.0,4.0,0.2207465447522715,0,0
37_p228_289_mic2.wav,469,391,391,469,377,358,205,101,107,460,220,122,16.0,-136.0,9.0,0.0,0,0
23_p227_020_mic2.wav,386,368,411,456,377,335,344,250,196,473,185,148,15.0,-1.0,25.0,0.2857832642415279,0,0
36_p228_210_mic1.wav,466,371,392,475,408,345,311,158,306,416,200,159,13.0,-14.0,2.0,0.0,0,0
11_chetvero_nischih_s000013_seg_0.wav,395,400,470,474,397,361,355,181,342,371,247,192,3.0,-21.0,6.0,0.616580710411719,0,0
26_p227_123_mic1.wav,410,373,424,451,391,354,288,169,275,363,152,135,85.0,-1.0,109.0,0.0,0,0
23_p228_318_mic2.wav,434,429,379,487,353,307,210,101,105,464,229,123,17.0,-7.0,306.0,0.8250472223005533,0,0
28_p227_094_mic1.wav,416,400,429,426,383,357,385,153,399,408,280,174,12.0,2.0,-59.0,0.3396149531363055,0,0
5_p227_079_mic1.wav,453,430,420,491,376,338,360,243,376,354,244,183,20.0,23.0,7.0,0.655645352972793,0,0
38_p228_348_mic2.wav,447,383,344,480,345,313,320,192,298,369,181,138,10.0,5.0,101.0,0.0,0,0
10_p228_336_mic2.wav,415,395,326,428,339,324,304,127,274,370,162,147,16.0,19.0,9.0,0.7458011423235853,0,0
2_p228_365_mic2.wav,438,375,407,450,392,342,345,189,378,350,274,187,-37.0,2.0,4.0,0.0,0,0
34_p228_260_mic1.wav,458,369,437,488,447,377,367,152,387,404,267,174,12.0,20.0,9.0,0.0,0,0
29_imalavoglia_00_verga_f000005.wav,416,377,366,425,335,298,467,187,110,359,176,139,12.0,-35.0,273.0,0.8677735121392688,0,0
30_p227_169_mic1.wav,436,355,437,417,355,325,325,181,284,401,223,163,5.0,-95.0,9.0,0.0,0,0
26_p227_094_mic1.wav,416,400,429,426,383,357,426,276,391,372,285,223,16.0,46.0,3.0,0.0,0,0
15_p227_146_mic2.wav,407,439,402,463,363,334,314,203,327,317,210,174,8.0,-14.0,-27.0,0.21928158401702813,0,0
22_p227_020_mic2.wav,386,368,411,456,377,335,347,201,259,436,205,163,133.0,-22.0,89.0,0.0,0,0
21_p227_156_mic2.wav,381,395,381,439,320,307,311,260,336,329,213,169,18.0,-11.0,-16.0,1.0,0,0
23_oblomov_s000011_seg_0.wav,419,430,449,477,413,371,357,138,329,348,212,141,-31.0,20.0,4.0,0.7128126604632989,0,0
18_p227_158_mic1.wav,388,351,376,445,319,301,353,233,307,303,197,173,10.0,56.0,-89.0,0.20616763389343362,0,0
18_p228_205_mic1.wav,382,353,421,472,398,342,464,160,338,357,225,166,-68.0,3.0,7.0,0.16716717829501293,0,0
23_p227_169_mic2.wav,407,331,334,461,301,296,407,153,397,408,247,157,2.0,-61.0,7.0,0.0,0,0
22_p227_061_mic1.wav,449,459,466,470,424,386,363,174,393,391,271,183,8.0,-9.0,4.0,0.0,0,0
39_p227_032_mic1.wav,371,368,438,471,372,343,399,205,124,350,246,149,14.0,-1.0,256.0,0.6964929655336832,0,0
11_galatea_01_barrili_f000013.wav,385,464,404,418,310,267,419,181,372,374,262,196,10.0,-7.0,7.0,0.48801294645758886,0,0
27_p228_220_mic2.wav,391,347,416,463,379,340,239,102,113,454,212,120,17.0,-30.0,191.0,0.0,0,0
24_p228_263_mic1.wav,415,344,413,473,383,338,364,110,233,402,188,171,38.5,-27.0,68.0,0.0,0,0
18_p227_123_mic2.wav,424,396,362,473,338,327,332,196,305,364,215,171,13.0,40.0,0.0,0.3697023938576979,0,0
24_p227_165_mic1.wav,448,423,452,447,379,334,419,263,404,322,235,174,18.0,75.0,10.0,0.18845696159725556,0,0
